A,a_t,n,k,present_age_Gyr,time_to_a2_Gyr,time_to_a10_Gyr,time_to_a100_Gyr,time_to_a1000_Gyr,time_to_a1e6_Gyr,q_future,bh_feed_final,bh_sector_today,fate
0.1,0.3,4,0.01,13.64159546286482,24.785195785844113,52.85476927468712,93.22338905010662,133.5933479430235,254.66622592401075,-0.9999999999999999,7.999999999999936e-15,0.00063,stable_acceleration
0.1,0.3,4,0.03,13.646347341033005,24.789934934507894,52.85950416315349,93.22812390192193,133.59808279480222,254.67096077578944,-0.9999999999999999,7.999999999999936e-15,0.00063,stable_acceleration
0.1,0.3,4,0.1,13.684477458232916,24.827964338456287,52.89749986088942,93.2661193096791,133.63607820226952,254.70895618325636,-0.9999999999999999,7.999999999999936e-15,0.00063,stable_acceleration
0.1,0.3,4,0.3,13.756824257794703,24.900126871560207,52.96960072278488,93.3382196410036,133.7081785330643,254.78105651405065,-0.9999999999999999,7.999999999999936e-15,0.00063,stable_acceleration
0.1,0.3,4,1.0,13.78386904784833,24.927105006137847,52.996556548197844,93.36517527448378,133.73513416635262,254.80801214733876,-0.9999999999999999,7.999999999999936e-15,0.00063,stable_acceleration
0.1,0.3,6,0.01,13.648456486430602,24.79172465633711,52.86118501069673,93.22980381063283,133.5997627025753,254.67264068356147,-0.9999999999999999,7.999999999999936e-15,0.00063,stable_acceleration
0.1,0.3,6,0.03,13.652960679886974,24.796227466866146,52.86568742567224,93.23430622227912,133.60426511421818,254.67714309520434,-0.9999999999999999,7.999999999999936e-15,0.00063,stable_acceleration
0.1,0.3,6,0.1,13.689161192718503,24.832417040520525,52.90187387043049,93.27049264070386,133.64045153261682,254.713329513603,-0.9999999999999999,7.999999999999936e-15,0.00063,stable_acceleration
0.1,0.3,6,0.3,13.758131680364045,24.90136752408014,52.97081863226855,93.33943735438673,133.70939624625132,254.78227422723748,-0.9999999999999999,7.999999999999936e-15,0.00063,stable_acceleration
0.1,0.3,6,1.0,13.784010906237459,24.92723951710052,52.99668855648677,93.36530726119355,133.73526615304087,254.808144134027,-0.9999999999999999,7.999999999999936e-15,0.00063,stable_acceleration
0.1,0.3,9,0.01,13.653885516816405,24.797114480055225,52.86656357798646,93.2351822831732,133.60514117502098,254.67801915600714,-0.9999999999999999,7.999999999999936e-15,0.00063,stable_acceleration
0.1,0.3,9,0.03,13.658193033158762,24.80142195378026,52.87087104096601,93.23948974606287,133.60944863791056,254.68232661889672,-0.9999999999999999,7.999999999999936e-15,0.00063,stable_acceleration
0.1,0.3,9,0.1,13.692862891970124,24.836091475488335,52.90554047767696,93.27415918206192,133.6441180739089,254.71699605489508,-0.9999999999999999,7.999999999999936e-15,0.00063,stable_acceleration
0.1,0.3,9,0.3,13.75916274261795,24.9023907097179,52.97183955648292,93.34045825956605,133.71041715141175,254.7832951323979,-0.9999999999999999,7.999999999999936e-15,0.00063,stable_acceleration
0.1,0.3,9,1.0,13.784122682994349,24.927350427226383,52.99679921779754,93.36541792040993,133.7353768122552,254.80825479324133,-0.9999999999999999,7.999999999999936e-15,0.00063,stable_acceleration
0.1,0.3,12,0.01,13.656140398756163,24.79936815151481,52.868816943633945,93.23743564625896,133.60739453810424,254.68027251909038,-0.9999999999999999,7.999999999999936e-15,0.00063,stable_acceleration
0.1,0.3,12,0.03,13.66036418071109,24.803591932236262,52.873040724065106,93.241659426688,133.6116183185333,254.68449629951945,-0.9999999999999999,7.999999999999936e-15,0.00063,stable_acceleration
0.1,0.3,12,0.1,13.694386817449153,24.837614559217585,52.90706334874906,93.27568205135279,133.64564094319806,254.71851892418422,-0.9999999999999999,7.999999999999936e-15,0.00063,stable_acceleration
0.1,0.3,12,0.3,13.75958013208116,24.90280785600875,52.97225664133952,93.34087534390798,133.71083423575323,254.78371221673936,-0.9999999999999999,7.999999999999936e-15,0.00063,stable_acceleration
0.1,0.3,12,1.0,13.784167616301984,24.927395333779145,52.99684411759107,93.3654628201468,133.73542171199205,254.80829969297818,-0.9999999999999999,7.999999999999936e-15,0.00063,stable_acceleration
0.1,0.5,4,0.01,13.552766630380715,24.69866403163797,52.76901994570302,93.13764646286222,133.5076053625147,254.5804833435089,-0.9999999999999999,7.999999999999936e-15,0.00063,stable_acceleration
0.1,0.5,4,0.03,13.560375477547451,24.706182087069426,52.77650715926276,93.14513341075944,133.51509231014646,254.58797029114035,-0.9999999999999999,7.999999999999936e-15,0.00063,stable_acceleration
0.1,0.5,4,0.1,13.621532195015694,24.766619450110394,52.83670013785123,93.20532428422163,133.5752831815053,254.648161162497,-0.9999999999999999,7.999999999999936e-15,0.00063,stable_acceleration
0.1,0.5,4,0.3,13.73805841144197,24.881824779226523,52.951456630952165,93.32007691071597,133.69003580413664,254.76291378512428,-0.9999999999999999,7.999999999999936e-15,0.00063,stable_acceleration
0.1,0.5,4,1.0,13.781780105357141,24.925067144765983,52.99453609104377,93.3631549673112,133.73311385932996,254.80599184031624,-0.9999999999999999,7.999999999999936e-15,0.00063,stable_acceleration
0.1,0.5,6,0.01,13.535397967054475,24.67947606998178,52.74916884527684,93.11778960141675,133.48774849531333,254.56062647630137,-0.9999999999999999,7.999999999999936e-15,0.00063,stable_acceleration
0.1,0.5,6,0.03,13.543557730767532,24.687606800121216,52.757291245903524,93.12591193193899,133.49587082576528,254.5687488067533,-0.9999999999999999,7.999999999999936e-15,0.00063,stable_acceleration
0.1,0.5,6,0.1,13.609172436956593,24.752991752393413,52.82261028161722,93.19123041286939,133.56118930614173,254.6340672871293,-0.9999999999999999,7.999999999999936e-15,0.00063,stable_acceleration
0.1,0.5,6,0.3,13.734345630793078,24.877744372676744,52.94724223032838,93.3158613459302,133.68582023818803,254.7586982191745,-0.9999999999999999,7.999999999999936e-15,0.00063,stable_acceleration
0.1,0.5,6,1.0,13.781365587125984,24.92461212549381,52.99406630991063,93.36268505792235,133.7326439498128,254.80552193079896,-0.9999999999999999,7.999999999999936e-15,0.00063,stable_acceleration
0.1,0.5,9,0.01,13.532089161117343,24.675440276206935,52.74492018204398,93.11353914530139,133.48349803740717,254.55637601839354,-0.9999999999999999,7.999999999999936e-15,0.00063,stable_acceleration
0.1,0.5,9,0.03,13.540335022014077,24.68368191907054,52.753160761095934,93.12177971544187,133.49173860753857,254.56461658852496,-0.9999999999999999,7.999999999999936e-15,0.00063,stable_acceleration
0.1,0.5,9,0.1,13.60669347610677,24.75000700673554,52.81947743352261,93.18809631737655,133.55805520940285,254.63093319038913,-0.9999999999999999,7.999999999999936e-15,0.00063,stable_acceleration
0.1,0.5,9,0.3,13.733539002727163,24.876791512257686,52.94624654893967,93.31486530387423,133.6848241957718,254.75770217675793,-0.9999999999999999,7.999999999999936e-15,0.00063,stable_acceleration
0.1,0.5,9,1.0,13.781272983649295,24.924503428234498,52.993952899871346,93.36257160818865,133.73253050003945,254.80540848102558,-0.9999999999999999,7.999999999999936e-15,0.00063,stable_acceleration
0.1,0.5,12,0.01,13.532834934686665,24.67607922093913,52.745531906092374,93.11415064131418,133.484109533192,254.55698751417813,-0.9999999999999999,7.999999999999936e-15,0.00063,stable_acceleration
0.1,0.5,12,0.03,13.541042199754575,24.68428591953785,52.75373847130862,93.12235720541385,133.49231609729043,254.56519407827656,-0.9999999999999999,7.999999999999936e-15,0.00063,stable_acceleration
0.1,0.5,12,0.1,13.607125672834878,24.75036491181712,52.81981640852432,93.18843513379561,133.55839402566335,254.63127200664948,-0.9999999999999999,7.999999999999936e-15,0.00063,stable_acceleration
0.1,0.5,12,0.3,13.733619826112252,24.87685087149306,52.94630043890596,93.31491914802274,133.6848780398744,254.75775602086057,-0.9999999999999999,7.999999999999936e-15,0.00063,stable_acceleration
0.1,0.5,12,1.0,13.781279996030852,24.92450807895049,52.993956948810926,93.36257565208692,133.73253454393276,254.80541252491892,-0.9999999999999999,7.999999999999936e-15,0.00063,stable_acceleration
0.1,0.7,4,0.01,13.534931259627193,24.686400386471167,52.758782411935634,93.12742649411342,133.4973854113154,254.57026339232695,-0.9999999999999999,7.999999999999936e-15,0.00063,stable_acceleration
0.1,0.7,4,0.03,13.543059502346203,24.694251702889176,52.76653524532061,93.13517847568386,133.505137392035,254.57801537304584,-0.9999999999999999,7.999999999999936e-15,0.00063,stable_acceleration
0.1,0.7,4,0.1,13.608537600643206,24.757527410621563,52.82902752302335,93.19766397647805,133.56762288605813,254.64050086706223,-1.0,7.999999999999936e-15,0.00063,stable_acceleration
0.1,0.7,4,0.3,13.734008390810148,24.878915527669818,52.9489624381298,93.31758631743402,133.6875452144512,254.7604231954424,-0.9999999999999999,7.999999999999936e-15,0.00063,stable_acceleration
0.1,0.7,4,1.0,13.781322065652652,24.92473515613701,52.994249970745834,93.36286924483178,133.732828137248,254.80570611823464,-0.9999999999999999,7.999999999999936e-15,0.00063,stable_acceleration
0.1,0.7,6,0.01,13.485234057503064,24.634108260218575,52.70521094679974,93.07384357443732,133.4438024801944,254.5166804611948,-1.0,7.999999999999936e-15,0.00063,stable_acceleration
0.1,0.7,6,0.03,13.494980048223438,24.64366299075254,52.714709689296356,93.08334184563682,133.45330075092295,254.52617873192304,-1.0,7.999999999999936e-15,0.00063,stable_acceleration
0.1,0.7,6,0.1,13.573447728185982,24.720613386396302,52.79121584315821,93.15984425971571,133.52980316126582,254.6026811422616,-0.9999999999999999,7.999999999999936e-15,0.00063,stable_acceleration
0.1,0.7,6,0.3,13.723608030998044,24.8679787919422,52.937762548960556,93.30638407230705,133.67634296697048,254.74922094795912,-0.9999999999999999,7.999999999999936e-15,0.00063,stable_acceleration
0.1,0.7,6,1.0,13.780166785746884,24.92352048211894,52.99300618870089,93.36162520219303,133.7315840943489,254.80446207533532,-0.9999999999999999,7.999999999999936e-15,0.00063,stable_acceleration
0.1,0.7,9,0.01,13.449890090617753,24.59555103959267,52.66561683597754,93.0342407068026,133.40419960381084,254.47707758480203,-0.9999999999999999,7.999999999999936e-15,0.00063,stable_acceleration
0.1,0.7,9,0.03,13.46078985984916,24.606367901584886,52.676412680409875,93.04503637519957,133.41499527203212,254.48787325302314,-0.9999999999999999,7.999999999999936e-15,0.00063,stable_acceleration
0.1,0.7,9,0.1,13.548513580248654,24.693435128405586,52.76331346700243,93.13193576771532,133.50189466315524,254.5747726441449,-0.9999999999999999,7.999999999999936e-15,0.00063,stable_acceleration
0.1,0.7,9,0.3,13.716228152842309,24.85994604472982,52.92951915428484,93.29813889829363,133.6680977911791,254.7409757721663,-0.9999999999999999,7.999999999999936e-15,0.00063,stable_acceleration
0.1,0.7,9,1.0,13.779347447812237,24.92262912948708,52.99209160126653,93.36071041848537,133.730669310445,254.80354729143122,-0.9999999999999999,7.999999999999936e-15,0.00063,stable_acceleration
0.1,0.7,12,0.01,13.436844931157289,24.580996884763355,52.65066360238624,93.0192841296809,133.38924302334877,254.46212100433667,-0.9999999999999999,7.999999999999936e-15,0.00063,stable_acceleration
0.1,0.7,12,0.03,13.448167625089713,24.592288018045544,52.66194729452095,93.03056775951326,133.4005266531189,254.47340463410674,-0.9999999999999999,7.999999999999936e-15,0.00063,stable_acceleration
0.1,0.7,12,0.1,13.539291397071047,24.683162052572182,52.75276244567464,93.12138241765143,133.49134131076443,254.56421929175187,-0.9999999999999999,7.999999999999936e-15,0.00063,stable_acceleration
0.1,0.7,12,0.3,13.713489121960516,24.856902688565132,52.926395299368465,93.29501436889166,133.66497326110368,254.73785124209013,-0.9999999999999999,7.999999999999936e-15,0.00063,stable_acceleration
0.1,0.7,12,1.0,13.779042961347344,24.922291130523494,52.991744737359056,93.36036348029856,133.7303223721839,254.80320035317007,-0.9999999999999999,7.999999999999936e-15,0.00063,stable_acceleration
0.2,0.3,4,0.01,13.508901009106317,24.652873383227664,52.722571381871404,93.09119222844127,133.4611511224281,254.5340291034162,-0.9999999999999999,7.999999999999936e-15,0.00063,stable_acceleration
0.2,0.3,4,0.03,13.517607855586965,24.661554807970585,52.731244299338556,93.099865072722,133.4698239666357,254.54270194762373,-0.9999999999999999,7.999999999999936e-15,0.00063,stable_acceleration
0.2,0.3,4,0.1,13.588329650543848,24.73207542567597,52.801697592354195,93.17031778655009,133.54027667988544,254.61315466087302,-0.9999999999999999,7.999999999999936e-15,0.00063,stable_acceleration
0.2,0.3,4,0.3,13.72700928887135,24.870386777278398,52.93988568820222,93.30850482201599,133.67846371429195,254.75134169527843,-0.9999999999999999,7.999999999999936e-15,0.00063,stable_acceleration
0.2,0.3,4,1.0,13.780498940014143,24.923743139641733,52.99319744004198,93.36181619005878,133.7317750819512,254.80465306293738,-0.9999999999999999,7.999999999999936e-15,0.00063,stable_acceleration
0.2,0.3,6,0.01,13.523317019069072,24.666625636813603,52.73609756026324,93.10471645756692,133.4746753496068,254.5475533305931,-0.9999999999999999,7.999999999999936e-15,0.00063,stable_acceleration
0.2,0.3,6,0.03,13.531490659334125,24.674796511586116,52.74426764403924,93.11288653468613,133.48284542671925,254.55572340770553,-0.9999999999999999,7.999999999999936e-15,0.00063,stable_acceleration
0.2,0.3,6,0.1,13.59807580934046,24.74135978565891,52.81082466105881,93.17944349904475,133.549402391025,254.62228037201126,-0.9999999999999999,7.999999999999936e-15,0.00063,stable_acceleration
0.2,0.3,6,0.3,13.72966271969457,24.872906690229517,52.94236012291586,93.31097886459769,133.6809377564819,254.75381573746805,-0.9999999999999999,7.999999999999936e-15,0.00063,stable_acceleration
0.2,0.3,6,1.0,13.780783159517652,24.92401266456144,52.99346195970912,93.36208066656808,133.73203955841745,254.8049175394036,-0.9999999999999999,7.999999999999936e-15,0.00063,stable_acceleration
0.2,0.3,9,0.01,13.534763917071603,24.67799412686511,52.747443539102385,93.11606224692235,133.48602113877268,254.55889911975882,-0.9999999999999999,7.999999999999936e-15,0.00063,stable_acceleration
0.2,0.3,9,0.03,13.542511763384706,24.68574188794385,52.755191278690134,93.12380998632982,133.49376887818,254.56664685916613,-0.9999999999999999,7.999999999999936e-15,0.00063,stable_acceleration
0.2,0.3,9,0.1,13.605798895574052,24.74902834592861,52.81847756668114,93.18709627289712,133.55705516474595,254.6299331457321,-0.9999999999999999,7.999999999999936e-15,0.00063,stable_acceleration
0.2,0.3,9,0.3,13.73175718568325,24.874985403203237,52.944434313109205,93.31305301672118,133.68301190856738,254.75588988955352,-0.9999999999999999,7.999999999999936e-15,0.00063,stable_acceleration
0.2,0.3,9,1.0,13.781007133445103,24.924234905229532,52.99368370274783,93.36230240541835,133.73226129726368,254.8051392782498,-0.9999999999999999,7.999999999999936e-15,0.00063,stable_acceleration
0.2,0.3,12,0.01,13.539629446876729,24.682857235714337,52.752306036328626,93.12092473902493,133.49088363087026,254.5637616118564,-0.9999999999999999,7.999999999999936e-15,0.00063,stable_acceleration
0.2,0.3,12,0.03,13.547189996257444,24.6904177826281,52.75986658266153,93.12848528535287,133.4984441771982,254.57132215818436,-0.9999999999999999,7.999999999999936e-15,0.00063,stable_acceleration
0.2,0.3,12,0.1,13.609038769786837,24.752266536644015,52.82171533208283,93.19033403473587,133.56029292658118,254.63317090756735,-0.9999999999999999,7.999999999999936e-15,0.00063,stable_acceleration
0.2,0.3,12,0.3,13.73261122511937,24.875838956294793,52.94528774333204,93.31390644591482,133.68386533776007,254.75674331874623,-0.9999999999999999,7.999999999999936e-15,0.00063,stable_acceleration
0.2,0.3,12,1.0,13.781097249722203,24.924324967996792,52.99377375199645,93.3623924545538,133.73235134639904,254.8052293273852,-0.9999999999999999,7.999999999999936e-15,0.00063,stable_acceleration
0.2,0.5,4,0.01,13.341452049214023,24.489990252020664,52.56124299164988,92.92987723289507,133.29983614026492,254.37271412126668,-1.0,7.999999999999936e-15,0.00063,stable_acceleration
0.2,0.5,4,0.03,13.355247845546913,24.50360639103806,52.57479813387237,92.94343184982561,133.31339075667069,254.38626873767205,-1.0,7.999999999999936e-15,0.00063,stable_acceleration
0.2,0.5,4,0.1,13.467670358444323,24.614603115790565,52.68531069860026,93.05394024478237,133.42389914746104,254.49677712845798,-0.9999999999999999,7.999999999999936e-15,0.00063,stable_acceleration
0.2,0.5,4,0.3,13.68995973466669,24.834263572631908,52.90407807085667,93.27269992412546,133.6426588191187,254.7155368001077,-0.9999999999999999,7.999999999999936e-15,0.00063,stable_acceleration
0.2,0.5,4,1.0,13.776327115185987,24.919673462986363,52.98916256679838,93.35778161673423,133.72774050892667,254.80061848991312,-0.9999999999999999,7.999999999999936e-15,0.00063,stable_acceleration
0.2,0.5,6,0.01,13.309093491808415,24.45401959430266,52.52395563053474,92.89257843398269,133.26253732992484,254.3354153109151,-0.9999999999999999,7.999999999999936e-15,0.00063,stable_acceleration
0.2,0.5,6,0.03,13.323850494868218,24.468718690296463,52.53863811650885,92.90726078016944,133.27721967597193,254.35009765696202,-0.9999999999999999,7.999999999999936e-15,0.00063,stable_acceleration
0.2,0.5,6,0.1,13.444194740791481,24.58860449939844,52.65839242038378,93.02701397729437,133.39697287199127,254.46985085297993,-0.9999999999999999,7.999999999999936e-15,0.00063,stable_acceleration
0.2,0.5,6,0.3,13.68265284344283,24.82622251388722,52.89576941597036,93.26438894436578,133.6343478370358,254.70722581802275,-0.9999999999999999,7.999999999999936e-15,0.00063,stable_acceleration
0.2,0.5,6,1.0,13.77549958987388,24.91876494875902,52.988224533609944,93.35684332707669,133.72680221901257,254.79968019999873,-0.9999999999999999,7.999999999999936e-15,0.00063,stable_acceleration
0.2,0.5,9,0.01,13.303960645741967,24.447435115882975,52.516946132087284,92.88556535594614,133.25552424831193,254.32840222929846,-0.9999999999999999,7.999999999999936e-15,0.00063,stable_acceleration
0.2,0.5,9,0.03,13.318803427162427,24.46226946415052,52.531778353527265,92.90039755957042,133.2703564519183,254.34323443290484,-0.9999999999999999,7.999999999999936e-15,0.00063,stable_acceleration
0.2,0.5,9,0.1,13.440019902041671,24.58341922564968,52.65291128987064,93.02153035497487,133.3914892471824,254.46436722816884,-0.9999999999999999,7.999999999999936e-15,0.00063,stable_acceleration
0.2,0.5,9,0.3,13.681115300873898,24.824392601504638,52.893853890766316,93.26247269807743,133.63243159002715,254.70530957101337,-0.9999999999999999,7.999999999999936e-15,0.00063,stable_acceleration
0.2,0.5,9,1.0,13.775315351578437,24.918548524047903,52.987998683691515,93.3566173977722,133.72657628962867,254.7994542706148,-0.9999999999999999,7.999999999999936e-15,0.00063,stable_acceleration
0.2,0.5,12,0.01,13.306168996863347,24.4494298519658,52.51888643846225,92.88750520635057,133.25746409826078,254.33034207924695,-0.9999999999999999,7.999999999999936e-15,0.00063,stable_acceleration
0.2,0.5,12,0.03,13.32089314756383,24.464152869776502,52.5336091895203,92.90222795517518,133.27218684708325,254.3450648280694,-0.9999999999999999,7.999999999999936e-15,0.00063,stable_acceleration
0.2,0.5,12,0.1,13.441263711486338,24.58451447242162,52.653968682121956,93.02258743010914,133.39254632199956,254.46542430298572,-0.9999999999999999,7.999999999999936e-15,0.00063,stable_acceleration
0.2,0.5,12,0.3,13.681313830455998,24.824548204508687,52.893998555702915,93.26261727138247,133.63257616324051,254.70545414422665,-0.9999999999999999,7.999999999999936e-15,0.00063,stable_acceleration
0.2,0.5,12,1.0,13.775329849062144,24.918558298221352,52.988007254318006,93.35662595831624,133.72658485016282,254.799462831149,-0.9999999999999999,7.999999999999936e-15,0.00063,stable_acceleration
0.2,0.7,4,0.01,13.310844898783673,24.470268079261093,52.5454764489965,92.91414496829313,133.28410390991039,254.35698189094646,-0.9999999999999998,7.999999999999936e-15,0.00063,stable_acceleration
0.2,0.7,4,0.03,13.325375436792042,24.484263593980717,52.559281994128575,92.92794887145232,133.29790781142927,254.37078579246347,-0.9999999999999998,7.999999999999936e-15,0.00063,stable_acceleration
0.2,0.7,4,0.1,13.444304989465993,24.598915682176592,52.67241455435472,93.04106829506667,133.4110272219186,254.4839052029397,-0.9999999999999999,7.999999999999936e-15,0.00063,stable_acceleration
0.2,0.7,4,0.3,13.682105941660803,24.828680397717985,52.899320924686236,93.26794994093973,133.6379088430893,254.7107868240858,-0.9999999999999999,7.999999999999936e-15,0.00063,stable_acceleration
0.2,0.7,4,1.0,13.775414151329963,24.919012467709493,52.98859325814911,93.35721310328049,133.72717199626703,254.80004997725436,-0.9999999999999999,7.999999999999936e-15,0.00063,stable_acceleration
0.2,0.7,6,0.01,13.216058565830265,24.37047237105129,52.44319565474448,92.81184192134991,133.1818008407331,254.2546788217464,-0.9999999999999999,7.999999999999936e-15,0.00063,stable_acceleration
0.2,0.7,6,0.03,13.233542913512931,24.387581284417408,52.460194798205784,92.82884014116449,133.19879905962452,254.27167704063703,-0.9999999999999999,7.999999999999936e-15,0.00063,stable_acceleration
0.2,0.7,6,0.1,13.376488920588185,24.527540383656568,52.59928025839225,92.96791824928661,133.33787716040163,254.41075514140724,-1.0,7.999999999999936e-15,0.00063,stable_acceleration
0.2,0.7,6,0.3,13.661523570695138,24.807032962391045,52.87715031551671,93.24577464781811,133.61573354528744,254.68861152627935,-0.9999999999999999,7.999999999999936e-15,0.00063,stable_acceleration
0.2,0.7,6,1.0,13.77310633890708,24.916585961267156,52.986108574042404,93.35472789832848,133.72468679079475,254.79756477178142,-0.9999999999999999,7.999999999999936e-15,0.00063,stable_acceleration
0.2,0.7,9,0.01,13.148462495837473,24.296539766915597,52.367217936671686,92.73584693609901,133.10580583823145,254.17868381922796,-0.9999999999999999,7.999999999999936e-15,0.00063,stable_acceleration
0.2,0.7,9,0.03,13.16806548212799,24.315978069573198,52.38661451433861,92.75524316434648,133.1252020661297,254.19808004712573,-0.9999999999999999,7.999999999999936e-15,0.00063,stable_acceleration
0.2,0.7,9,0.1,13.328206865715591,24.474814042143745,52.545119684551594,92.91374556417344,133.28370446318897,254.35658244418244,-0.9999999999999999,7.999999999999936e-15,0.00063,stable_acceleration
0.2,0.7,9,0.3,13.646910330282736,24.791117709203263,52.86081495575841,93.22943573960573,133.5993946335299,254.672272614518,-0.9999999999999999,7.999999999999936e-15,0.00063,stable_acceleration
0.2,0.7,9,1.0,13.771469506236512,24.91480514456027,52.9842813022035,93.35290023406739,133.72285912614177,254.7957371071281,-0.9999999999999999,7.999999999999936e-15,0.00063,stable_acceleration
0.2,0.7,12,0.01,13.123675995078454,24.26874993562196,52.33863400731482,92.70725635439261,133.07721524987883,254.15009323086852,-0.9999999999999999,7.999999999999936e-15,0.00063,stable_acceleration
0.2,0.7,12,0.03,13.144045470575458,24.289056440771134,52.35892566907067,92.72754789187654,133.09750678723876,254.17038476822825,-0.9999999999999999,7.999999999999936e-15,0.00063,stable_acceleration
0.2,0.7,12,0.1,13.310432832587937,24.45494533769119,52.52469705950033,92.89331829849917,133.2632771928783,254.33615517386676,-0.9999999999999999,7.999999999999936e-15,0.00063,stable_acceleration
0.2,0.7,12,0.3,13.641494368162117,24.785093693623914,52.854630108127985,93.22324954441928,133.59320843699746,254.66608641798427,-0.9999999999999999,7.999999999999936e-15,0.00063,stable_acceleration
0.2,0.7,12,1.0,13.770861315227457,24.91412993579695,52.98358836555939,93.35220714888199,133.7221660408082,254.79504402179433,-0.9999999999999999,7.999999999999936e-15,0.00063,stable_acceleration
0.3,0.3,4,0.01,13.387046724701074,24.531390596048013,52.6012129095338,92.96983482554359,133.33979372059932,254.41267170158832,-0.9999999999999999,7.999999999999936e-15,0.00063,stable_acceleration
0.3,0.3,4,0.03,13.399096510804826,24.543402305328737,52.61321187753341,92.98183368393563,133.35179257888177,254.42467055987075,-0.9999999999999999,7.999999999999936e-15,0.00063,stable_acceleration
0.3,0.3,4,0.1,13.498002210474729,24.642006612298623,52.711715328812325,93.08033626758592,133.45029516166497,254.52317314265312,-0.9999999999999999,7.999999999999936e-15,0.00063,stable_acceleration
0.3,0.3,4,0.3,13.697778114307187,24.841230454921664,52.9107544176474,93.27937376698704,133.64933265947826,254.72221064046494,-0.9999999999999999,7.999999999999936e-15,0.00063,stable_acceleration
0.3,0.3,4,1.0,13.777136421921476,24.920388862615262,52.98984592126007,93.35846469500693,133.7284235869232,254.80130156790935,-0.9999999999999999,7.999999999999936e-15,0.00063,stable_acceleration
0.3,0.3,6,0.01,13.409468047487668,24.552817107682518,52.62230059857694,92.99091959323458,133.36087848537164,254.43375646635803,-0.9999999999999999,7.999999999999936e-15,0.00063,stable_acceleration
0.3,0.3,6,0.03,13.42068143047161,24.564026342970756,52.63350864753628,93.00212763220934,133.37208652433657,254.44496450532296,-0.9999999999999999,7.999999999999936e-15,0.00063,stable_acceleration
0.3,0.3,6,0.1,13.513093009982617,24.65640511221188,52.725878032306206,93.09449693799775,133.46445583004598,254.5373338110323,-0.9999999999999999,7.999999999999936e-15,0.00063,stable_acceleration
0.3,0.3,6,0.3,13.70181305288679,24.8450651500231,52.9145209071409,93.28313966838545,133.65309856028912,254.7259765412753,-0.9999999999999999,7.999999999999936e-15,0.00063,stable_acceleration
0.3,0.3,6,1.0,13.777563500683463,24.920793899905348,52.99024345081361,93.35886215982524,133.7288210516768,254.80169903266292,-0.9999999999999999,7.999999999999936e-15,0.00063,stable_acceleration
0.3,0.3,9,0.01,13.427324206163869,24.570555662507658,52.64000538904969,93.0086240995023,133.37858299135524,254.45146097234138,-0.9999999999999999,7.999999999999936e-15,0.00063,stable_acceleration
0.3,0.3,9,0.03,13.437866575712206,24.58109790420486,52.65054759851039,93.0191663086932,133.38912520054586,254.46200318153203,-0.9999999999999999,7.999999999999936e-15,0.00063,stable_acceleration
0.3,0.3,9,0.1,13.525078974891976,24.668309292080767,52.7377587313967,93.10637743944348,133.476336331294,254.54921431228016,-0.9999999999999999,7.999999999999936e-15,0.00063,stable_acceleration
0.3,0.3,9,0.3,13.705000760847541,24.848229228787407,52.91767820183412,93.28629690597477,133.6562557978215,254.72913377880766,-0.9999999999999999,7.999999999999936e-15,0.00063,stable_acceleration
0.3,0.3,9,1.0,13.777900088477908,24.921127887814706,52.990576692279916,93.35919539500871,133.7291542868541,254.80203226784025,-0.9999999999999999,7.999999999999936e-15,0.00063,stable_acceleration
0.3,0.3,12,0.01,13.435043092102777,24.578270917019296,52.647719726128564,93.016338428896,133.38629732074142,254.45917530172758,-0.9999999999999999,7.999999999999936e-15,0.00063,stable_acceleration
0.3,0.3,12,0.03,13.445284141413808,24.58851196262993,52.65796077086791,93.0265794736281,133.39653836547353,254.46941634645967,-0.9999999999999999,7.999999999999936e-15,0.00063,stable_acceleration
0.3,0.3,12,0.1,13.530182092336942,24.67340988428287,52.74285868562912,93.11147738833156,133.48143628017692,254.55431426116306,-0.9999999999999999,7.999999999999936e-15,0.00063,stable_acceleration
0.3,0.3,12,0.3,13.706309281003053,24.84953701942635,52.91898580817012,93.2876045107671,133.65756340261237,254.7304413835985,-0.9999999999999999,7.999999999999936e-15,0.00063,stable_acceleration
0.3,0.3,12,1.0,13.778035635264136,24.921263354336165,52.990712138523605,93.3593308410826,133.72928973292784,254.80216771391397,-0.9999999999999999,7.999999999999936e-15,0.00063,stable_acceleration
0.3,0.5,4,0.01,13.149438025128134,24.300588613038084,52.3727280479866,92.7413699243618,133.11132883935989,254.18420682036947,-0.9999999999999999,7.999999999999936e-15,0.00063,stable_acceleration
0.3,0.5,4,0.03,13.168336137711416,24.31922008311026,52.39126903616683,92.75991013350101,133.12986904772066,254.20274702872933,-0.9999999999999999,7.999999999999936e-15,0.00063,stable_acceleration
0.3,0.5,4,0.1,13.324197214956266,24.47296159684514,52.54429112501087,92.91292602753155,133.2828849355619,254.35576291656415,-1.0,7.999999999999936e-15,0.00063,stable_acceleration
0.3,0.5,4,0.3,13.642907274464593,24.78774740556891,52.857744130145115,93.22636755322758,133.5963264497885,254.66920443077936,-0.9999999999999999,7.999999999999936e-15,0.00063,stable_acceleration
0.3,0.5,4,1.0,13.770887746430903,24.91429338829063,52.98380264451952,93.3524218680786,133.7223807604442,254.79525874143073,-0.9999999999999999,7.999999999999936e-15,0.00063,stable_acceleration
0.3,0.5,6,0.01,13.103927804114871,24.24969952954343,52.31987809925668,92.68850294376396,133.0584618417452,254.13133982273754,-0.9999999999999999,7.999999999999936e-15,0.00063,stable_acceleration
0.3,0.5,6,0.03,13.124102587988396,24.269787691946505,52.33994141981514,92.70856605526984,133.07852495304223,254.1514029340344,-0.9999999999999999,7.999999999999936e-15,0.00063,stable_acceleration
0.3,0.5,6,0.1,13.290639676511324,24.435638726088747,52.505595686103234,92.87421866564176,133.2441775617598,254.31705554275024,-0.9999999999999999,7.999999999999936e-15,0.00063,stable_acceleration
0.3,0.5,6,0.3,13.632118433286498,24.775858935730415,52.84545485267568,93.21407479361059,133.58403368669272,254.65691166768013,-0.9999999999999999,7.999999999999936e-15,0.00063,stable_acceleration
0.3,0.5,6,1.0,13.769648715635004,24.91293289386682,52.98239787879353,93.35101671771194,133.72097560969337,254.79385359067962,-0.9999999999999999,7.999999999999936e-15,0.00063,stable_acceleration
0.3,0.5,9,0.01,13.098080915273265,24.24167869713009,52.31122081186276,92.67984029622211,133.04979918884834,254.12267716983524,-0.9999999999999999,7.999999999999936e-15,0.00063,stable_acceleration
0.3,0.5,9,0.03,13.118286387470674,24.261871523965798,52.331410449650434,92.70002990729654,133.06998879989595,254.1428667808828,-0.9999999999999999,7.999999999999936e-15,0.00063,stable_acceleration
0.3,0.5,9,0.1,13.28540607025131,24.428891165876504,52.49840486180455,92.86702410811044,133.23698300049875,254.30986098148531,-0.9999999999999999,7.999999999999936e-15,0.00063,stable_acceleration
0.3,0.5,9,0.3,13.629921146130425,24.773223236111075,52.84269077747424,93.21130963715754,133.58126852915976,254.65414651014603,-0.9999999999999999,7.999999999999936e-15,0.00063,stable_acceleration
0.3,0.5,9,1.0,13.769373804502429,24.912609704835006,52.98206055247991,93.35067927232409,133.7206381641866,254.79351614517273,-0.9999999999999999,7.999999999999936e-15,0.00063,stable_acceleration
0.3,0.5,12,0.01,13.102279900966186,24.24555732419589,52.31501781184928,92.68363661240284,133.05359550434596,254.12647348533213,-0.9999999999999999,7.999999999999936e-15,0.00063,stable_acceleration
0.3,0.5,12,0.03,13.12226119993526,24.26553692390308,52.33499701144627,92.70361580864949,133.07357470058912,254.1464526815753,-0.9999999999999999,7.999999999999936e-15,0.00063,stable_acceleration
0.3,0.5,12,0.1,13.287767376661698,24.431029659200473,52.5004865818038,92.86910535250661,133.23906424441995,254.3119422254061,-0.9999999999999999,7.999999999999936e-15,0.00063,stable_acceleration
0.3,0.5,12,0.3,13.630271976582527,24.77350967927798,52.84296081424607,93.2115795364882,133.58153842835296,254.65441640933912,-0.9999999999999999,7.999999999999936e-15,0.00063,stable_acceleration
0.3,0.5,12,1.0,13.769396256447784,24.91262507184623,52.98207411417895,93.35069281889936,133.7206517107467,254.79352969173286,-0.9999999999999999,7.999999999999936e-15,0.00063,stable_acceleration
0.3,0.7,4,0.01,13.110090482421308,24.277195141353893,52.355128697720474,92.72382076317625,133.09377972831837,254.16665770937837,-0.9999999999999998,7.999999999999936e-15,0.00063,stable_acceleration
0.3,0.7,4,0.03,13.12972390781974,24.296052858529027,52.37371140569034,92.74240109573864,133.11236005850756,254.18523803956484,-0.9999999999999998,7.999999999999936e-15,0.00063,stable_acceleration
0.3,0.7,4,0.1,13.292690955662914,24.45278645215198,52.52823351063471,92.89690409289074,133.2668630365692,254.33974101760714,-0.9999999999999998,7.999999999999936e-15,0.00063,stable_acceleration
0.3,0.7,4,0.3,13.631484119061653,24.779713923748204,52.85094360773169,93.21957772159085,133.5895366288334,254.6624146098351,-1.0,7.999999999999936e-15,0.00063,stable_acceleration
0.3,0.7,4,1.0,13.769522956813422,24.913306351355807,52.98295306254132,93.35157347823167,133.7215323717883,254.79441035277605,-0.9999999999999999,7.999999999999936e-15,0.00063,stable_acceleration
0.3,0.7,6,0.01,12.974025609654717,24.13387514408217,52.20818671525924,92.57684634344642,132.94680527617842,254.01968325720534,-0.9999999999999999,7.999999999999936e-15,0.00063,stable_acceleration
0.3,0.7,6,0.03,12.997736230069249,24.157032949069087,52.23118307777161,92.59984134805966,132.9698002794348,254.0426782604604,-0.9999999999999999,7.999999999999936e-15,0.00063,stable_acceleration
0.3,0.7,6,0.1,13.194208057896702,24.349094219084183,52.42195559784305,92.79060302639803,133.1605619469421,254.23343992795657,-0.9999999999999999,7.999999999999936e-15,0.00063,stable_acceleration
0.3,0.7,6,0.3,13.600928928774279,24.74757256325622,52.818022143680906,93.18664927317408,133.55660817343815,254.62948615443278,-0.9999999999999999,7.999999999999936e-15,0.00063,stable_acceleration
0.3,0.7,6,1.0,13.766065345973391,24.909670840651547,52.97923034286689,93.34784997780268,133.7178088705793,254.79068685156633,-0.9999999999999999,7.999999999999936e-15,0.00063,stable_acceleration
0.3,0.7,9,0.01,12.876730576611912,24.027207435649135,52.09849339152755,92.46712748034336,132.8370863875602,253.9099643685619,-1.0,7.999999999999936e-15,0.00063,stable_acceleration
0.3,0.7,9,0.03,12.903382553588482,24.053614066112058,52.12483789456696,92.49347146318554,132.86343036988274,253.93630835088405,-1.0,7.999999999999936e-15,0.00063,stable_acceleration
0.3,0.7,9,0.1,13.12395941166875,24.27224407273885,52.34297478544979,92.71160422488492,133.0815631274567,254.15444110845357,-0.9999999999999999,7.999999999999936e-15,0.00063,stable_acceleration
0.3,0.7,9,0.3,13.579222716684649,24.72391889591475,52.793740090969905,93.1623619130439,133.53232080800598,254.60519878899495,-0.9999999999999999,7.999999999999936e-15,0.00063,stable_acceleration
0.3,0.7,9,1.0,13.763612852902948,24.907002439531183,52.976492280746875,93.34511132723621,133.7150702194251,254.78794820041153,-0.9999999999999999,7.999999999999936e-15,0.00063,stable_acceleration
0.3,0.7,12,0.01,12.841270120096578,23.98726380581813,52.05736465396462,92.42598881588872,132.79594771318776,253.8688256941795,-0.9999999999999999,7.999999999999936e-15,0.00063,stable_acceleration
0.3,0.7,12,0.03,12.86897338728167,24.01487284309677,52.08495148427702,92.4535754602896,132.82353435740285,253.89641233839413,-0.9999999999999999,7.999999999999936e-15,0.00063,stable_acceleration
0.3,0.7,12,0.1,13.098214202047204,24.2433674703067,52.31327024083027,92.68189274445801,133.05185164010084,254.1247296210908,-0.9999999999999999,7.999999999999936e-15,0.00063,stable_acceleration
0.3,0.7,12,0.3,13.571189260618173,24.71497425393646,52.784554448681185,93.15317425154029,133.52313314448443,254.59601112547168,-0.9999999999999999,7.999999999999936e-15,0.00063,stable_acceleration
0.3,0.7,12,1.0,13.762701735429621,24.905990806289417,52.97545405869439,93.34407288239717,133.71403177436315,254.7869097553494,-0.9999999999999999,7.999999999999936e-15,0.00063,stable_acceleration
0.4,0.3,4,0.01,13.274395011382378,24.419109827275467,52.48905626110162,92.85767924484506,133.22763814096774,254.30051612195817,-0.9999999999999999,7.999999999999936e-15,0.00063,stable_acceleration
0.4,0.3,4,0.03,13.28930756229571,24.43397168330644,52.503901154874704,92.87252399270348,133.24248288868012,254.31536086967037,-0.9999999999999999,7.999999999999936e-15,0.00063,stable_acceleration
0.4,0.3,4,0.1,13.412830889357837,24.557093650073355,52.626888822167444,92.9955105046917,133.36546939951427,254.43834738050302,-0.9999999999999999,7.999999999999936e-15,0.00063,stable_acceleration
0.4,0.3,4,0.3,13.669108338793007,24.812635509190827,52.88218451582459,93.25080408062075,133.62076297332726,254.69364095431425,-0.9999999999999999,7.999999999999936e-15,0.00063,stable_acceleration
0.4,0.3,4,1.0,13.773781459517366,24.917042141005638,52.986501957799376,93.35512075527564,133.72507964721564,254.79795762820183,-0.9999999999999999,7.999999999999936e-15,0.00063,stable_acceleration
0.4,0.3,6,0.01,13.305103144919629,24.448492642178195,52.517987698872375,92.88660679086928,133.2565656831036,254.32944366409006,-0.9999999999999999,7.999999999999936e-15,0.00063,stable_acceleration
0.4,0.3,6,0.03,13.318870615222357,24.46225458294395,52.5317480580874,92.90036713677371,133.27032602899487,254.34320400998132,-0.9999999999999999,7.999999999999936e-15,0.00063,stable_acceleration
0.4,0.3,6,0.1,13.433474378480488,24.576814604015304,52.646295568008355,93.01491454139902,133.38487343351483,254.45775141450122,-0.9999999999999999,7.999999999999936e-15,0.00063,stable_acceleration
0.4,0.3,6,0.3,13.674557437471769,24.817817660991984,52.88727574247491,93.25589452328192,133.62585341520554,254.69873139619168,-0.9999999999999999,7.999999999999936e-15,0.00063,stable_acceleration
0.4,0.3,6,1.0,13.77435189114225,24.917583184539566,52.98703299120742,93.35565170237173,133.72561059422546,254.79848857521162,-0.9999999999999999,7.999999999999936e-15,0.00063,stable_acceleration
0.4,0.3,9,0.01,13.329623122492544,24.47285582538214,52.54230586622759,92.91092457931327,133.28088347116864,254.35376145215477,-0.9999999999999999,7.999999999999936e-15,0.00063,stable_acceleration
0.4,0.3,9,0.03,13.342468147951154,24.4857006803732,52.55515067823714,92.92376939096269,133.2937282828177,254.36660626380385,-0.9999999999999999,7.999999999999936e-15,0.00063,stable_acceleration
0.4,0.3,9,0.1,13.449904615868995,24.59313579988985,52.66258545776843,93.03120416764578,133.40116305949817,254.4740410404843,-0.9999999999999999,7.999999999999936e-15,0.00063,stable_acceleration
0.4,0.3,9,0.3,13.678865916874642,24.822094635234187,52.89154367142172,93.2601623760915,133.6301212679388,254.70299924892495,-0.9999999999999999,7.999999999999936e-15,0.00063,stable_acceleration
0.4,0.3,9,1.0,13.774801505816578,24.918029332705693,52.987478144117965,93.3560968469049,133.72605573875035,254.79893371973648,-0.9999999999999999,7.999999999999936e-15,0.00063,stable_acceleration
0.4,0.3,12,0.01,13.340359485606626,24.483587346602082,52.553036164206404,92.92165486704481,133.29161375889026,254.3644917398764,-0.9999999999999999,7.999999999999936e-15,0.00063,stable_acceleration
0.4,0.3,12,0.03,13.352784407281353,24.496012263342923,52.565461079785514,92.93407978261432,133.30403867445975,254.3769166554459,-0.9999999999999999,7.999999999999936e-15,0.00063,stable_acceleration
0.4,0.3,12,0.1,13.456983833678771,24.600211650713455,52.6696604579669,93.03827916071873,133.40823805256412,254.48111603355025,-0.9999999999999999,7.999999999999936e-15,0.00063,stable_acceleration
0.4,0.3,12,0.3,13.680645429307297,24.823873174978456,52.8933219654289,93.26194066804027,133.63189955988554,254.70477754087167,-0.9999999999999999,7.999999999999936e-15,0.00063,stable_acceleration
0.4,0.3,12,1.0,13.77498272854865,24.918210448418144,52.98765923279329,93.35627793535383,133.72623682719907,254.79911480818524,-0.9999999999999999,7.999999999999936e-15,0.00063,stable_acceleration
0.4,0.5,4,0.01,12.973740269877304,24.1274752830227,52.20049145375372,92.56914087783188,132.93909980037085,254.01197778138746,-0.9999999999999999,7.999999999999936e-15,0.00063,stable_acceleration
0.4,0.5,4,0.03,12.996895899072362,24.15027912040857,52.223175977357194,92.59182437437622,132.9617832958889,254.03466127690444,-0.9999999999999999,7.999999999999936e-15,0.00063,stable_acceleration
0.4,0.5,4,0.1,13.189900504913659,24.340482789712766,52.41242937192305,92.78106958783208,133.15102850117108,254.22390648217893,-0.9999999999999999,7.999999999999936e-15,0.00063,stable_acceleration
0.4,0.5,4,0.3,13.596860065524794,24.742235316592154,52.812413848820874,93.18103883803857,133.55099773616493,254.62387571715743,-0.9999999999999999,7.999999999999936e-15,0.00063,stable_acceleration
0.4,0.5,4,1.0,13.765461936752585,24.908926858344426,52.978456261874555,93.3470756590124,133.71703455155145,254.7899125325382,-0.9999999999999999,7.999999999999936e-15,0.00063,stable_acceleration
0.4,0.5,6,0.01,12.916523271710492,24.06313825343218,52.13355863242974,92.50218551177629,132.87214441179046,253.94502239278492,-0.9999999999999999,7.999999999999936e-15,0.00063,stable_acceleration
0.4,0.5,6,0.03,12.941206111197944,24.08770591514705,52.15809326883548,92.52671987027956,132.89667877001594,253.96955675101012,-0.9999999999999999,7.999999999999936e-15,0.00063,stable_acceleration
0.4,0.5,6,0.1,13.147128241944188,24.292715433666633,52.36284108107833,92.7314654802248,133.10142437776105,254.17430235875298,-0.9999999999999999,7.999999999999936e-15,0.00063,stable_acceleration
0.4,0.5,6,0.3,13.582695376722425,24.726606614686578,52.79625151695166,93.16487187017248,133.5348307636664,254.6077087446541,-0.9999999999999999,7.999999999999936e-15,0.00063,stable_acceleration
0.4,0.5,6,1.0,13.763812892594741,24.90711588900263,52.976586273646305,93.34520515801321,133.71516405004004,254.78804203102632,-0.9999999999999999,7.999999999999936e-15,0.00063,stable_acceleration
0.4,0.5,9,0.01,12.910801668234999,24.054522718494937,52.12409591992387,92.49271566468263,132.86267455756868,253.9355525385559,-0.9999999999999999,7.999999999999936e-15,0.00063,stable_acceleration
0.4,0.5,9,0.03,12.93542574164175,24.07912993723994,52.14869888819483,92.51731859734946,132.88727749019992,253.9601554711871,-0.9999999999999999,7.999999999999936e-15,0.00063,stable_acceleration
0.4,0.5,9,0.1,13.141357586917614,24.28492843360559,52.35446375551619,92.72308318297476,133.0930420755439,254.16592005653072,-0.9999999999999999,7.999999999999936e-15,0.00063,stable_acceleration
0.4,0.5,9,0.3,13.579905290494136,24.723232168074524,52.79270596106086,93.1613248731121,133.5312837651667,254.60416174615304,-0.9999999999999999,7.999999999999936e-15,0.00063,stable_acceleration
0.4,0.5,9,1.0,13.76344826398501,24.906686892159474,52.9761384277995,93.34475715340663,133.71471604527474,254.7875940262609,-0.9999999999999999,7.999999999999936e-15,0.00063,stable_acceleration
0.4,0.5,12,0.01,12.917383189430357,24.06067718006462,52.13014156868893,92.49876040190568,132.86871929388138,253.94159727486763,-0.9999999999999999,7.999999999999936e-15,0.00063,stable_acceleration
0.4,0.5,12,0.03,12.941662285762158,24.084954010811106,52.15441786598024,92.52303669473017,132.89299558670135,253.96587356768757,-0.9999999999999999,7.999999999999936e-15,0.00063,stable_acceleration
0.4,0.5,12,0.1,13.145084166333453,24.28835797012626,52.357817605542735,92.72643639896025,133.09639529089614,254.1692732718823,-0.9999999999999999,7.999999999999936e-15,0.00063,stable_acceleration
0.4,0.5,12,0.3,13.58044088873168,24.72368192004071,52.79313383877499,93.16175256757964,133.53171145945106,254.6045894404372,-0.9999999999999999,7.999999999999936e-15,0.00063,stable_acceleration
0.4,0.5,12,1.0,13.763479136417994,24.906708318055326,52.976157446624065,93.34477615206653,133.71473504391446,254.7876130249006,-0.9999999999999999,7.999999999999936e-15,0.00063,stable_acceleration
0.4,0.7,4,0.01,12.928901419206909,24.10342876542866,52.183991686934135,92.55270645544267,132.92266544326753,253.99554342435002,-0.9999999999999998,7.999999999999936e-15,0.00063,stable_acceleration
0.4,0.7,4,0.03,12.952639896726042,24.126166969020456,52.20637578938835,92.57508750130641,132.94504648607685,254.01792446715615,-0.9999999999999998,7.999999999999936e-15,0.00063,stable_acceleration
0.4,0.7,4,0.1,13.152161060486636,24.317610167578497,52.39495673466889,92.76364372977403,133.13360268985036,254.20648067090454,-0.9999999999999998,7.999999999999936e-15,0.00063,stable_acceleration
0.4,0.7,4,0.3,13.58209083927182,24.731964150565297,52.80377858214403,93.17241775471489,133.54237666701187,254.61525464801875,-0.9999999999999999,7.999999999999936e-15,0.00063,stable_acceleration
0.4,0.7,4,1.0,13.763648402722703,24.90761672787239,52.97732930478785,93.34595029055161,133.71590918467763,254.78878716566587,-0.9999999999999999,7.999999999999936e-15,0.00063,stable_acceleration
0.4,0.7,6,0.01,12.754762845592222,23.919947134029435,51.99581563993316,92.36448836069196,132.73444730650408,253.8073252875444,-0.9999999999999998,7.999999999999936e-15,0.00063,stable_acceleration
0.4,0.7,6,0.03,12.783537216808016,23.947997822939016,52.02365523121859,92.39232617712051,132.76228512115955,253.83516310219792,-0.9999999999999998,7.999999999999936e-15,0.00063,stable_acceleration
0.4,0.7,6,0.1,13.02482176990229,24.183492525418504,52.25745982597858,92.62611655842397,132.9960754882632,254.06895346928715,-0.9999999999999999,7.999999999999936e-15,0.00063,stable_acceleration
0.4,0.7,6,0.3,13.54176342667057,24.68953694132287,52.760317388647664,93.12894730364322,133.49890620669012,254.57178418768746,-1.0,7.999999999999936e-15,0.00063,stable_acceleration
0.4,0.7,6,1.0,13.75904371437226,24.902775027732922,52.97237140264659,93.34099134808844,133.71095024117517,254.78382822216255,-0.9999999999999999,7.999999999999936e-15,0.00063,stable_acceleration
0.4,0.7,9,0.01,12.629910328504968,23.78277021496456,51.85465942107863,92.22329856051651,132.59325747277938,253.66613545378627,-0.9999999999999999,7.999999999999936e-15,0.00063,stable_acceleration
0.4,0.7,9,0.03,12.662339385224731,23.814874358785072,51.8866813350106,92.25531978603699,132.625278697612,253.69815667861806,-0.9999999999999999,7.999999999999936e-15,0.00063,stable_acceleration
0.4,0.7,9,0.1,12.933819336256416,24.08377339733921,52.15492696431497,92.52355994461968,132.89351885072847,253.9663968317291,-1.0,7.999999999999936e-15,0.00063,stable_acceleration
0.4,0.7,9,0.3,13.513098871953764,24.65828316621734,52.72822812170127,93.0968509803937,133.46680987639107,254.53968785738135,-0.9999999999999999,7.999999999999936e-15,0.00063,stable_acceleration
0.4,0.7,9,1.0,13.755777386436705,24.89922091302705,52.968724435524756,93.33734359662016,133.70730248892332,254.7801804699098,-0.9999999999999999,7.999999999999936e-15,0.00063,stable_acceleration
0.4,0.7,12,0.01,12.584661583137255,23.731572780466777,51.80188982975052,92.17051580160376,132.54047470071166,253.61335268170524,-0.9999999999999999,7.999999999999936e-15,0.00063,stable_acceleration
0.4,0.7,12,0.03,12.618382484601305,23.765168341796354,51.83545585898686,92.20408158361766,132.57404048247807,253.64691846347142,-0.9999999999999999,7.999999999999936e-15,0.00063,stable_acceleration
0.4,0.7,12,0.1,12.900609517415718,24.046402465149498,52.116456005171536,92.48507977104222,132.85503866794545,253.92791664893656,-0.9999999999999999,7.999999999999936e-15,0.00063,stable_acceleration
0.4,0.7,12,0.3,13.502504849762273,24.64647542000345,52.71609937154808,93.08471954077461,133.4546784340848,254.52755641507238,-0.9999999999999999,7.999999999999936e-15,0.00063,stable_acceleration
0.4,0.7,12,1.0,13.754564116763977,24.89787363681106,52.96734171157423,93.33596057565538,133.7059194676618,254.77879744864808,-0.9999999999999999,7.999999999999936e-15,0.00063,stable_acceleration
0.5,0.3,4,0.01,13.169653129772934,24.314738338766293,52.3848086988878,92.75343274866204,133.12339164584918,254.19626962684066,-0.9999999999999999,7.999999999999936e-15,0.00063,stable_acceleration
0.5,0.3,4,0.03,13.187044804821417,24.33206673777705,52.40211592764683,92.77073979531423,133.1406986923197,254.21357667331088,-0.9999999999999999,7.999999999999936e-15,0.00063,stable_acceleration
0.5,0.3,4,0.1,13.332258886974149,24.476779739197355,52.546661272770514,92.91528369821975,133.28524259378432,254.35812057477418,-0.9999999999999999,7.999999999999936e-15,0.00063,stable_acceleration
0.5,0.3,4,0.3,13.640978828301282,24.78458080606849,52.85415484872038,93.22277462890425,133.5927335218259,254.66561150281314,-0.9999999999999999,7.999999999999936e-15,0.00063,stable_acceleration
0.5,0.3,4,1.0,13.770434018976744,24.913702940987726,52.983165515834614,93.35178433703938,133.72174322900307,254.7946212099893,-0.9999999999999999,7.999999999999936e-15,0.00063,stable_acceleration
0.5,0.3,6,0.01,13.208810535739499,24.352240464676214,52.421747085525716,92.79036627484801,133.16032516717925,254.23320314816579,-0.9999999999999999,7.999999999999936e-15,0.00063,stable_acceleration
0.5,0.3,6,0.03,13.224750398438006,24.368173416358303,52.437678060545736,92.8062972332323,133.17625612554727,254.24913410653377,-0.9999999999999999,7.999999999999936e-15,0.00063,stable_acceleration
0.5,0.3,6,0.1,13.358605526002524,24.50197387223804,52.57146287933436,92.94008192041717,133.31004081260082,254.38291879358724,-0.9999999999999999,7.999999999999936e-15,0.00063,stable_acceleration
0.5,0.3,6,0.3,13.647872109900023,24.791140459586597,52.86060086536811,93.22921966573686,133.59917855767983,254.672056538666,-0.9999999999999999,7.999999999999936e-15,0.00063,stable_acceleration
0.5,0.3,6,1.0,13.771148292570327,24.914380480140462,52.98383054256734,93.35244925588421,133.72240814773994,254.79528612872608,-0.9999999999999999,7.999999999999936e-15,0.00063,stable_acceleration
0.5,0.3,9,0.01,13.240152300657245,24.38338625008824,52.452836605236016,92.82145532095466,133.19141421281273,254.26429219379887,-0.9999999999999999,7.999999999999936e-15,0.00063,stable_acceleration
0.5,0.3,9,0.03,13.254918119017994,24.398151855365313,52.46760215678633,92.8362208720547,133.20617976391233,254.2790577448985,-0.9999999999999999,7.999999999999936e-15,0.00063,stable_acceleration
0.5,0.3,9,0.1,13.379614757979477,24.522846808830298,52.59229668527109,92.9609153969796,133.33087428883374,254.40375226981988,-0.9999999999999999,7.999999999999936e-15,0.00063,stable_acceleration
0.5,0.3,9,0.3,13.653326758410053,24.796555727189165,52.86600482651733,93.23462353171587,133.60458242356364,254.6774604045498,-0.9999999999999999,7.999999999999936e-15,0.00063,stable_acceleration
0.5,0.3,9,1.0,13.771711343487391,24.914939197928874,52.98438801628815,93.35300671913306,133.72296561097855,254.7958435919647,-0.9999999999999999,7.999999999999936e-15,0.00063,stable_acceleration
0.5,0.3,12,0.01,13.254014573278969,24.397242470353344,52.46669129645274,92.83530999936237,133.205268891208,254.27814687219413,-0.9999999999999999,7.999999999999936e-15,0.00063,stable_acceleration
0.5,0.3,12,0.03,13.268240254683661,24.411468145590703,52.48091697023789,92.8495356731354,133.21949456498098,254.29237254596714,-0.9999999999999999,7.999999999999936e-15,0.00063,stable_acceleration
0.5,0.3,12,0.1,13.38875613207355,24.531983974196944,52.60143278735763,92.97005149015904,133.34001038200444,254.41288836299057,-0.9999999999999999,7.999999999999936e-15,0.00063,stable_acceleration
0.5,0.3,12,0.3,13.655592556106207,24.79882030902523,52.8682691011822,93.2368878038076,133.6068466956529,254.67972467663904,-0.9999999999999999,7.999999999999936e-15,0.00063,stable_acceleration
0.5,0.3,12,1.0,13.771938485518005,24.915166206184907,52.98461499074788,93.35323369331002,133.72319258515526,254.79607056614142,-0.9999999999999999,7.999999999999936e-15,0.00063,stable_acceleration
0.5,0.5,4,0.01,12.812007782235662,23.968299707589622,52.042182821459235,92.41083970730521,132.7807986372995,253.85367661832362,-0.9999999999999999,7.999999999999936e-15,0.00063,stable_acceleration
0.5,0.5,4,0.03,12.838751162002062,23.994607938900877,52.068343544171015,92.43699916052708,132.80695808925282,253.87983607027562,-0.9999999999999999,7.999999999999936e-15,0.00063,stable_acceleration
0.5,0.5,4,0.1,13.063765464650478,24.216152084470377,52.28871088689962,92.65735637376132,133.02731529236644,254.10019327337906,-0.9999999999999999,7.999999999999936e-15,0.00063,stable_acceleration
0.5,0.5,4,0.3,13.551779463931044,24.697688665633972,52.76804858825758,93.13667513994508,133.50663403963225,254.5795120206264,-0.9999999999999999,7.999999999999936e-15,0.00063,stable_acceleration
0.5,0.5,4,1.0,13.76004962423166,24.903573811233727,52.973123356951575,93.34174292762299,133.71170182033518,254.78457980132217,-0.9999999999999999,7.999999999999936e-15,0.00063,stable_acceleration
0.5,0.5,6,0.01,12.744236420415115,23.891692301724287,51.9623537690491,92.33098267704274,132.70094157908358,253.77381956007997,-0.9999999999999999,7.999999999999936e-15,0.00063,stable_acceleration
0.5,0.5,6,0.03,12.772712610422138,23.92002491478025,51.99064522137276,92.35927378302672,132.7292326847217,253.80211066571766,-0.9999999999999999,7.999999999999936e-15,0.00063,stable_acceleration
0.5,0.5,6,0.1,13.012511696803301,24.15868588520632,52.22897986947993,92.5976056852231,132.96756458417448,254.04044256516795,-0.9999999999999999,7.999999999999936e-15,0.00063,stable_acceleration
0.5,0.5,6,0.3,13.53433938466722,24.678421261754156,52.748115119823254,93.11673588507618,133.48669477898196,254.55957275997,-0.9999999999999999,7.999999999999936e-15,0.00063,stable_acceleration
0.5,0.5,6,1.0,13.75799204943488,24.901313862848376,52.97078964685085,93.33940857666319,133.70936746873548,254.7822454497218,-0.9999999999999999,7.999999999999936e-15,0.00063,stable_acceleration
0.5,0.5,9,0.01,12.739279978107975,23.8831242534813,51.95272852978101,92.32134853483787,132.69130742798413,253.7641854089716,-0.9999999999999999,7.999999999999936e-15,0.00063,stable_acceleration
0.5,0.5,9,0.03,12.767587004878123,23.911410219196004,51.98100918438962,92.34962914495821,132.71958803805984,253.79246601904728,-0.9999999999999999,7.999999999999936e-15,0.00063,stable_acceleration
0.5,0.5,9,0.1,13.00663349070472,24.150290067508827,52.219847009679775,92.58846661824217,132.95842551099244,254.0313034919795,-0.9999999999999999,7.999999999999936e-15,0.00063,stable_acceleration
0.5,0.5,9,0.3,13.531019512846232,24.674371176276384,52.74385122040797,93.11247018482364,133.4824290769304,254.5553070579168,-0.9999999999999999,7.999999999999936e-15,0.00063,stable_acceleration
0.5,0.5,9,1.0,13.757538652140731,24.900780008135918,52.97023223176545,93.33885096313588,133.70880985500986,254.781687835996,-0.9999999999999999,7.999999999999936e-15,0.00063,stable_acceleration
0.5,0.5,12,0.01,12.748535843839466,23.89184640115568,51.96131469056475,92.329933556443,132.6998924484513,253.77277042943754,-0.9999999999999999,7.999999999999936e-15,0.00063,stable_acceleration
0.5,0.5,12,0.03,12.776368531988215,23.919676257444177,51.989143880065626,92.35776274036087,132.72772163236343,253.8005996133497,-0.9999999999999999,7.999999999999936e-15,0.00063,stable_acceleration
0.5,0.5,12,0.1,13.011926723097803,24.155212047795228,52.22467439593489,92.59329321206654,132.96325210402523,254.03613008501148,-0.9999999999999999,7.999999999999936e-15,0.00063,stable_acceleration
0.5,0.5,12,0.3,13.531770365049761,24.675014724943175,52.74446742743622,93.11308616280365,133.48304505468155,254.5559230356677,-0.9999999999999999,7.999999999999936e-15,0.00063,stable_acceleration
0.5,0.5,12,1.0,13.757578407780969,24.900807955656816,52.970257170461466,93.33887587662593,133.7088347684747,254.78171274946087,-0.9999999999999999,7.999999999999936e-15,0.00063,stable_acceleration
0.5,0.7,4,0.01,12.764322564724477,23.946026676514958,52.02912810893029,92.39786478187109,132.76782379157987,253.84070177268376,-0.9999999999999998,7.999999999999936e-15,0.00063,stable_acceleration
0.5,0.7,4,0.03,12.791386941352172,23.971881151751592,52.054554884518,92.42328786787556,132.7932468738981,253.86612485499867,-0.9999999999999998,7.999999999999936e-15,0.00063,stable_acceleration
0.5,0.7,4,0.1,13.021434338544122,24.192110517563275,52.271309717741545,92.6400127131638,133.00997168922584,254.082849670296,-0.9999999999999998,7.999999999999936e-15,0.00063,stable_acceleration
0.5,0.7,4,0.3,13.533877004951169,24.685382107539485,52.75777692661913,93.12642111945188,133.4963800367648,254.56925801777643,-0.9999999999999999,7.999999999999936e-15,0.00063,stable_acceleration
0.5,0.7,4,1.0,13.757790410217831,24.901943518595765,52.97172190629396,93.3403434616462,133.71030235634169,254.78318033733035,-0.9999999999999999,7.999999999999936e-15,0.00063,stable_acceleration
0.5,0.7,6,0.01,12.554844776561952,23.725265634964657,51.80266064228689,92.17134619465085,132.54130515328228,253.61418313433524,-0.9999999999999998,7.999999999999936e-15,0.00063,stable_acceleration
0.5,0.7,6,0.03,12.58777339584247,23.757305953951292,51.83444213873697,92.20312551581877,132.57308447227692,253.64596245332783,-0.9999999999999998,7.999999999999936e-15,0.00063,stable_acceleration
0.5,0.7,6,0.1,12.866843033767159,24.029249256664297,52.104307219373744,92.47297312476354,132.84293206376648,253.91581004479974,-0.9999999999999998,7.999999999999936e-15,0.00063,stable_acceleration
0.5,0.7,6,0.3,13.48396989001393,24.63286894737593,52.70397890954193,93.07261159842338,133.44257050424144,254.51544848524193,-1.0,7.999999999999936e-15,0.00063,stable_acceleration
0.5,0.7,6,1.0,13.752041352165252,24.89589843060715,52.96553166148886,93.33415191729284,133.70411081068949,254.77698879167713,-0.9999999999999999,7.999999999999936e-15,0.00063,stable_acceleration
0.5,0.7,9,0.01,12.404255461381458,23.559481985935946,51.6319699569973,92.00061410873292,132.3705730260036,253.4434510070152,-0.9999999999999999,7.999999999999936e-15,0.00063,stable_acceleration
0.5,0.7,9,0.03,12.441466210681506,23.596289335735904,51.66867526947858,92.03731856710796,132.40727748352498,253.4801554645358,-0.9999999999999999,7.999999999999936e-15,0.00063,stable_acceleration
0.5,0.7,9,0.1,12.756159582886195,23.90777501778249,51.97934924027276,92.34798574265452,132.71794465228254,253.79082263328675,-1.0,7.999999999999936e-15,0.00063,stable_acceleration
0.5,0.7,9,0.3,13.448476196604997,24.594147922069183,52.664216450338536,93.03284034404491,133.40279924107602,254.47567722206722,-0.9999999999999999,7.999999999999936e-15,0.00063,stable_acceleration
0.5,0.7,9,1.0,13.747963006158843,24.891460464370823,52.9609776658606,93.32959694154205,133.69955583395964,254.77243381494628,-0.9999999999999999,7.999999999999936e-15,0.00063,stable_acceleration
0.5,0.7,12,0.01,12.349962014281099,23.497788497797977,51.568321175190015,91.93694895207538,132.306907852986,253.3797858339813,-0.9999999999999999,7.999999999999936e-15,0.00063,stable_acceleration
0.5,0.7,12,0.03,12.388671360156646,23.53634154183824,51.60683740023076,91.97546486890978,132.3454237695125,253.41830175050757,-0.9999999999999999,7.999999999999936e-15,0.00063,stable_acceleration
0.5,0.7,12,0.1,12.715929906856253,23.86236145313715,51.93256548421583,92.30119050994871,132.67114940811118,253.74402738910368,-0.9999999999999999,7.999999999999936e-15,0.00063,stable_acceleration
0.5,0.7,12,0.3,13.435376168552848,24.579532224850286,52.64919990977251,93.01782044516581,133.38777933884168,254.46065731982958,-0.9999999999999999,7.999999999999936e-15,0.00063,stable_acceleration
0.5,0.7,12,1.0,13.746448354761824,24.88977832289336,52.959251219730376,93.32787012418719,133.6978290162341,254.7707069972204,-0.9999999999999999,7.999999999999936e-15,0.00063,stable_acceleration
