quarantine,cooldown,reward,trigger,mean,median,p95,p99,p999,max,sticking_rate,decay_rate,timeout_rate
0.99,0.99,0.0,50,47.145,35.0,137.0999999999999,196.01,227.0089999999998,236,0.419,0.563,0.018
0.99,0.99,0.015,120,50.079,36.0,147.0,198.08999999999992,223.00099999999998,224,0.443,0.536,0.021
0.99,0.99,0.015,80,48.519,34.0,142.0999999999999,196.02999999999997,222.0129999999997,235,0.466,0.514,0.02
0.99,0.99,0.03,80,47.325,33.0,150.0,194.01,221.00099999999998,222,0.415,0.565,0.02
0.99,0.99,0.015,160,48.844,32.0,157.0,205.0,220.00999999999976,230,0.438,0.538,0.024
0.99,0.99,0.03,120,49.248,34.0,150.04999999999995,202.0,220.00599999999986,226,0.428,0.551,0.021
0.99,0.99,0.005,160,51.427,37.0,154.0999999999999,193.01,220.0,220,0.436,0.54,0.024
0.99,0.99,0.03,50,44.648,31.0,138.0,194.0,218.00499999999988,223,0.443,0.54,0.017
0.99,0.99,0.005,120,48.692,37.0,147.04999999999995,196.01,217.01099999999974,228,0.387,0.596,0.017
0.99,0.99,0.0,120,46.509,31.0,137.04999999999995,191.01999999999998,217.00199999999995,219,0.424,0.564,0.012
0.99,0.99,0.0,80,47.618,32.0,146.0999999999999,194.01,216.00199999999995,218,0.415,0.568,0.017
0.97,0.99,0.0,50,45.194,32.0,142.0999999999999,188.0,213.00199999999995,215,0.388,0.591,0.021
0.99,0.99,0.0,160,49.128,35.0,147.0999999999999,200.0,213.00099999999998,214,0.423,0.563,0.014
0.97,0.99,0.0,120,48.472,33.0,155.04999999999995,187.01,212.0079999999998,220,0.398,0.578,0.024
0.97,0.99,0.03,120,45.095,32.0,137.0,183.02999999999997,212.00599999999986,218,0.448,0.537,0.015
0.99,0.99,0.005,50,48.506,34.0,145.0999999999999,194.0,211.0089999999998,220,0.437,0.548,0.015
0.99,0.99,0.015,50,48.288,33.0,157.14999999999986,198.02999999999997,211.00599999999986,217,0.413,0.562,0.025
0.97,0.99,0.005,80,45.869,33.0,133.04999999999995,185.01,208.0089999999998,217,0.399,0.588,0.013
0.99,0.99,0.03,160,49.017,35.0,151.0,195.01,207.0079999999998,215,0.384,0.594,0.022
0.97,0.99,0.015,160,47.705,33.0,148.0,190.01,207.00199999999995,209,0.421,0.555,0.024
0.97,0.99,0.005,50,46.554,32.0,138.0,181.01,206.00299999999993,209,0.407,0.579,0.014
0.99,0.99,0.005,80,47.651,35.0,137.0,185.01,204.0079999999998,212,0.43,0.562,0.008
0.97,0.99,0.03,80,45.6,32.0,145.19999999999982,188.0,204.0039999999999,208,0.4,0.573,0.027
0.97,0.99,0.015,50,46.615,34.0,145.0,190.01,204.00099999999998,205,0.413,0.569,0.018
0.97,0.99,0.005,160,46.06,31.0,145.0,188.0,203.0089999999998,212,0.37,0.608,0.022
0.97,0.99,0.015,120,46.731,34.5,129.04999999999995,171.01999999999998,203.00099999999998,204,0.412,0.58,0.008
0.97,0.99,0.03,160,46.307,33.0,136.04999999999995,183.01999999999998,200.01899999999955,219,0.431,0.553,0.016
0.97,0.99,0.03,50,49.119,35.0,153.04999999999995,190.01999999999998,198.02399999999943,222,0.392,0.583,0.025
0.97,0.99,0.015,80,45.806,32.0,145.0999999999999,185.0,198.00499999999988,203,0.411,0.57,0.019
0.97,0.99,0.0,160,46.563,35.0,129.04999999999995,180.04999999999995,198.00299999999993,201,0.393,0.588,0.019
0.97,0.99,0.0,80,47.839,34.0,142.0999999999999,180.0,198.00299999999993,201,0.42,0.559,0.021
0.97,0.99,0.005,120,44.943,32.5,135.0999999999999,184.01999999999998,198.00099999999998,199,0.416,0.564,0.02
0.94,0.99,0.0,120,44.901,33.0,130.0999999999999,174.01999999999998,190.01599999999962,206,0.414,0.561,0.025
0.94,0.99,0.03,50,45.362,33.0,133.04999999999995,170.01,188.00299999999993,191,0.4,0.579,0.021
0.94,0.99,0.03,120,42.797,31.0,119.04999999999995,175.01,187.01399999999967,201,0.416,0.561,0.023
0.94,0.99,0.005,160,43.08,33.0,121.0,167.0,185.00199999999995,187,0.393,0.59,0.017
0.94,0.99,0.015,50,43.241,31.0,134.0999999999999,170.01999999999998,184.0039999999999,188,0.385,0.588,0.027
0.94,0.99,0.03,80,41.697,30.0,126.04999999999995,169.01999999999998,184.00299999999993,187,0.4,0.58,0.02
0.94,0.99,0.005,80,41.72,30.0,129.0999999999999,165.0,184.00199999999995,186,0.426,0.56,0.014
0.94,0.99,0.03,160,41.698,28.0,127.0,165.0,183.02299999999946,206,0.407,0.575,0.018
0.94,0.99,0.0,80,42.382,30.0,130.0,169.01999999999998,183.01599999999962,199,0.402,0.579,0.019
0.94,0.99,0.015,160,44.979,33.0,138.14999999999986,170.0,183.00499999999988,188,0.377,0.594,0.029
0.94,0.99,0.015,80,43.121,31.0,127.0,167.01999999999998,182.00499999999988,187,0.384,0.592,0.024
0.94,0.99,0.005,50,42.56,30.0,127.0,168.01,181.02299999999946,204,0.423,0.553,0.024
0.94,0.99,0.0,50,43.284,30.5,131.0,168.01999999999998,181.00099999999998,182,0.386,0.593,0.021
0.94,0.99,0.005,120,41.17,30.0,123.0,169.01,181.00099999999998,182,0.389,0.594,0.017
0.94,0.99,0.0,160,41.145,30.5,121.0,165.02999999999997,178.01799999999957,196,0.42,0.564,0.016
0.94,0.99,0.015,120,41.796,30.0,124.04999999999995,171.01,177.00099999999998,178,0.407,0.568,0.025
0.99,0.95,0.0,80,38.64,27.0,120.0,153.02999999999997,175.00499999999988,180,0.34,0.629,0.031
0.99,0.95,0.03,80,40.581,27.0,126.0,151.0,174.0039999999999,178,0.368,0.6,0.032
0.9,0.99,0.015,160,37.796,26.0,117.04999999999995,150.01999999999998,173.00199999999995,175,0.359,0.622,0.019
0.99,0.95,0.015,120,37.982,26.0,121.0,147.0,172.0,172,0.347,0.625,0.028
0.9,0.99,0.005,50,39.563,27.0,123.0,155.01999999999998,171.00299999999993,174,0.375,0.6,0.025
0.9,0.99,0.0,80,39.167,27.0,115.0,154.01,170.00499999999988,175,0.37,0.602,0.028
0.9,0.99,0.03,160,39.483,28.0,124.04999999999995,146.07999999999993,170.00199999999995,172,0.362,0.617,0.021
0.99,0.95,0.03,160,39.044,29.0,116.04999999999995,154.01999999999998,168.01399999999967,182,0.366,0.608,0.026
0.99,0.95,0.005,80,40.738,28.0,125.04999999999995,156.01,168.00099999999998,169,0.38,0.581,0.039
0.9,0.99,0.005,80,38.817,27.0,124.04999999999995,156.01,167.01099999999974,178,0.412,0.557,0.031
0.97,0.95,0.0,160,35.737,26.0,103.0,136.0,167.0039999999999,171,0.375,0.592,0.033
0.9,0.99,0.03,80,38.744,27.0,117.04999999999995,151.0,166.00299999999993,169,0.394,0.582,0.024
0.99,0.95,0.005,120,39.203,30.0,115.0,147.0,166.00099999999998,167,0.386,0.595,0.019
0.9,0.99,0.0,120,39.602,28.0,122.04999999999995,149.02999999999997,166.0,166,0.381,0.594,0.025
0.9,0.99,0.0,50,38.953,28.0,112.0,148.01,165.0089999999998,174,0.379,0.602,0.019
0.99,0.95,0.03,50,37.907,27.0,120.0,147.01,165.0079999999998,173,0.363,0.614,0.023
0.99,0.95,0.015,160,40.74,28.0,125.04999999999995,150.01,165.00199999999995,167,0.382,0.588,0.03
0.99,0.95,0.0,160,37.295,27.0,114.04999999999995,154.01,164.00299999999993,167,0.373,0.601,0.026
0.99,0.95,0.005,160,37.793,26.0,117.0,149.01,164.00199999999995,166,0.367,0.61,0.023
0.9,0.99,0.0,160,38.635,28.0,117.04999999999995,146.01999999999998,164.00099999999998,165,0.376,0.603,0.021
0.9,0.99,0.015,120,39.428,28.0,113.0,151.01,163.0169999999996,180,0.374,0.603,0.023
0.99,0.95,0.03,120,37.341,27.0,109.0,145.01999999999998,163.0129999999997,176,0.376,0.611,0.013
0.9,0.99,0.015,50,37.315,26.0,116.0,144.0,163.00699999999983,170,0.377,0.603,0.02
0.9,0.99,0.005,160,39.691,28.0,125.04999999999995,150.01999999999998,163.00099999999998,164,0.394,0.583,0.023
0.9,0.99,0.005,120,38.833,29.0,111.14999999999986,147.05999999999995,162.00999999999976,172,0.382,0.6,0.018
0.97,0.95,0.03,50,36.816,27.0,112.04999999999995,141.0,162.0089999999998,171,0.367,0.605,0.028
0.9,0.99,0.03,120,39.893,30.0,121.0,146.01999999999998,161.00699999999983,168,0.36,0.619,0.021
0.99,0.95,0.015,50,39.364,27.0,118.24999999999977,149.0,160.0089999999998,169,0.344,0.632,0.024
0.99,0.95,0.0,120,36.678,26.0,114.04999999999995,145.02999999999997,159.00599999999986,165,0.397,0.577,0.026
0.9,0.99,0.03,50,41.64,29.0,129.04999999999995,152.0,157.0089999999998,166,0.394,0.573,0.033
0.99,0.95,0.0,50,38.413,28.0,116.04999999999995,149.01,157.00299999999993,160,0.365,0.615,0.02
0.99,0.95,0.005,50,39.249,29.0,115.04999999999995,148.0,156.01099999999974,167,0.368,0.605,0.027
0.97,0.95,0.0,50,35.346,26.0,105.04999999999995,133.01,156.0089999999998,165,0.382,0.595,0.023
0.9,0.99,0.015,80,40.572,30.0,121.04999999999995,146.01,155.0039999999999,159,0.36,0.616,0.024
0.99,0.95,0.015,80,39.393,27.0,123.0,146.0,154.01899999999955,173,0.362,0.612,0.026
0.97,0.95,0.015,50,36.483,27.0,111.04999999999995,136.01,153.00299999999993,156,0.33,0.643,0.027
0.97,0.95,0.03,80,36.181,25.0,105.04999999999995,137.0,152.02299999999946,175,0.366,0.613,0.021
0.97,0.95,0.03,160,35.719,26.0,108.0,134.01,151.0129999999997,164,0.348,0.615,0.037
0.97,0.95,0.005,120,36.076,26.0,110.0,137.01999999999998,151.00199999999995,153,0.375,0.599,0.026
0.97,0.95,0.005,160,35.642,25.0,107.0,140.0,150.01199999999972,162,0.337,0.639,0.024
0.97,0.95,0.015,160,36.151,25.0,110.04999999999995,136.0,148.01599999999962,164,0.363,0.607,0.03
0.97,0.95,0.005,50,37.259,27.0,115.04999999999995,136.02999999999997,148.0079999999998,156,0.339,0.631,0.03
0.97,0.95,0.03,120,36.517,28.0,111.04999999999995,138.01999999999998,148.00199999999995,150,0.346,0.625,0.029
0.97,0.95,0.005,80,37.495,27.0,110.09999999999991,134.0,147.0079999999998,155,0.321,0.647,0.032
0.97,0.95,0.0,120,34.534,25.0,100.04999999999995,136.0,147.00199999999995,149,0.381,0.596,0.023
0.97,0.95,0.015,120,34.327,24.0,103.19999999999982,138.01,146.00299999999993,149,0.338,0.632,0.03
0.97,0.95,0.015,80,35.898,26.0,106.0,134.0,146.00199999999995,148,0.376,0.596,0.028
0.97,0.95,0.0,80,36.066,26.0,112.04999999999995,135.0,143.00599999999986,149,0.343,0.633,0.024
0.94,0.95,0.005,160,33.073,23.0,101.0,123.0,139.00199999999995,141,0.353,0.604,0.043
0.94,0.95,0.015,80,31.456,22.0,98.0,116.01999999999998,136.00699999999983,143,0.309,0.66,0.031
0.94,0.95,0.005,50,31.306,22.0,97.0,121.01999999999998,135.00699999999983,142,0.34,0.631,0.029
0.94,0.95,0.0,80,31.524,22.0,100.0,115.00999999999999,134.00099999999998,135,0.332,0.629,0.039
0.94,0.95,0.005,80,31.09,21.5,93.0,119.0,134.0,134,0.341,0.633,0.026
0.94,0.95,0.015,50,30.522,22.0,94.0,116.02999999999997,133.00599999999986,139,0.326,0.643,0.031
0.94,0.95,0.03,120,31.365,22.0,97.0,117.00999999999999,133.00199999999995,135,0.354,0.613,0.033
0.94,0.95,0.03,80,31.286,23.0,94.0,118.0,132.0,132,0.341,0.631,0.028
0.94,0.95,0.015,160,32.118,23.0,92.0,118.00999999999999,131.00299999999993,134,0.341,0.626,0.033
0.94,0.95,0.03,160,31.765,23.0,94.04999999999995,115.00999999999999,130.0039999999999,134,0.321,0.652,0.027
0.94,0.95,0.0,50,32.133,22.0,102.0,121.0,129.0039999999999,133,0.328,0.635,0.037
0.94,0.95,0.0,120,32.643,23.0,95.04999999999995,118.0,129.0,129,0.338,0.629,0.033
0.94,0.95,0.0,160,32.88,23.0,101.0,119.0,128.00599999999986,134,0.326,0.637,0.037
0.94,0.95,0.015,120,32.44,23.0,102.04999999999995,120.0,128.00499999999988,133,0.329,0.626,0.045
0.94,0.95,0.005,120,32.155,23.0,99.0,117.0,126.00499999999988,131,0.363,0.601,0.036
0.94,0.95,0.03,50,32.663,24.0,101.04999999999995,113.0,125.00299999999993,128,0.291,0.665,0.044
0.9,0.95,0.03,50,28.676,21.0,85.0,104.00999999999999,122.00499999999988,127,0.286,0.679,0.035
0.9,0.95,0.005,50,28.224,20.0,86.0,103.00999999999999,117.01099999999974,128,0.279,0.681,0.04
0.9,0.95,0.015,80,27.499,20.0,82.0,103.0,115.00499999999988,120,0.279,0.683,0.038
0.9,0.95,0.005,160,26.649,20.0,80.0,98.04999999999995,114.00599999999986,120,0.293,0.676,0.031
0.9,0.95,0.015,120,27.554,20.0,82.0,98.00999999999999,114.00099999999998,115,0.29,0.679,0.031
0.9,0.95,0.0,50,26.828,20.0,79.0,100.01999999999998,113.00799999999981,121,0.299,0.67,0.031
0.9,0.95,0.015,50,26.682,20.0,77.04999999999995,101.0,113.00099999999998,114,0.332,0.639,0.029
0.9,0.95,0.005,120,28.914,22.0,83.04999999999995,102.00999999999999,112.00799999999981,120,0.292,0.664,0.044
0.9,0.95,0.03,80,29.393,22.0,85.04999999999995,103.01999999999998,111.01199999999972,123,0.31,0.645,0.045
0.9,0.95,0.03,120,27.636,20.0,84.0,104.00999999999999,111.00899999999979,120,0.272,0.688,0.04
0.9,0.95,0.005,80,27.018,19.0,81.0,100.0,110.01199999999972,122,0.32,0.64,0.04
0.9,0.95,0.015,160,26.927,19.0,81.04999999999995,102.01999999999998,110.00899999999979,119,0.317,0.658,0.025
0.9,0.95,0.0,80,27.913,20.0,82.0,99.00999999999999,110.0,110,0.29,0.672,0.038
0.9,0.95,0.03,160,27.905,20.5,83.0,97.00999999999999,109.00099999999998,110,0.305,0.66,0.035
0.9,0.95,0.0,120,26.916,20.0,83.0,100.0,107.00599999999986,113,0.321,0.642,0.037
0.9,0.95,0.0,160,29.02,21.0,83.04999999999995,98.00999999999999,106.0039999999999,110,0.317,0.648,0.035
0.94,0.9,0.0,50,19.138,14.0,54.049999999999955,65.0,88.00099999999998,89,0.239,0.709,0.052
0.99,0.9,0.015,80,20.975,16.0,58.049999999999955,71.00999999999999,86.00099999999998,87,0.245,0.708,0.047
0.97,0.9,0.0,80,20.344,15.0,58.0,67.00999999999999,84.0,84,0.232,0.713,0.055
0.99,0.9,0.015,160,22.089,17.0,59.0,72.0,83.0,83,0.219,0.735,0.046
0.97,0.9,0.03,50,20.668,15.0,58.049999999999955,69.0,82.00899999999979,91,0.212,0.727,0.061
0.97,0.9,0.03,80,19.86,14.0,57.0,68.00999999999999,82.00799999999981,90,0.242,0.704,0.054
0.97,0.9,0.0,160,19.738,15.0,54.0,69.0,82.00599999999986,88,0.226,0.721,0.053
0.99,0.9,0.03,120,19.955,14.0,59.0,72.02999999999997,82.00199999999995,84,0.225,0.717,0.058
0.99,0.9,0.03,50,21.101,16.0,61.0,73.0,81.00199999999995,83,0.238,0.714,0.048
0.99,0.9,0.03,80,21.086,16.0,57.0,73.0,81.00099999999998,82,0.236,0.718,0.046
0.99,0.9,0.015,50,20.702,14.0,60.0,71.00999999999999,80.00699999999983,87,0.249,0.716,0.035
0.99,0.9,0.015,120,21.741,17.0,61.0,72.00999999999999,80.0039999999999,84,0.228,0.714,0.058
0.99,0.9,0.0,50,20.467,15.0,60.0,73.00999999999999,80.00299999999993,83,0.223,0.736,0.041
0.99,0.9,0.005,80,20.864,16.0,59.0,68.0,79.00899999999979,88,0.251,0.706,0.043
0.99,0.9,0.005,50,20.864,15.0,59.049999999999955,72.0,79.0039999999999,83,0.236,0.716,0.048
0.99,0.9,0.03,160,20.324,15.0,58.049999999999955,69.0,79.00299999999993,82,0.244,0.709,0.047
0.99,0.9,0.005,120,20.418,15.0,56.0,70.00999999999999,79.00099999999998,80,0.266,0.696,0.038
0.97,0.9,0.015,160,19.548,15.0,55.049999999999955,67.00999999999999,78.0039999999999,82,0.225,0.723,0.052
0.99,0.9,0.0,80,21.317,16.0,61.0,70.01999999999998,78.0039999999999,82,0.255,0.69,0.055
0.97,0.9,0.005,50,20.917,15.0,57.0,68.0,78.00199999999995,80,0.218,0.729,0.053
0.97,0.9,0.03,120,21.324,16.0,60.0,70.0,77.01199999999972,89,0.227,0.704,0.069
0.94,0.9,0.0,80,18.431,13.0,53.0,67.00999999999999,77.00599999999986,83,0.213,0.728,0.059
0.94,0.9,0.015,50,19.274,15.0,53.0,66.00999999999999,77.0039999999999,81,0.203,0.747,0.05
0.94,0.9,0.03,160,18.993,14.0,55.0,68.0,77.00099999999998,78,0.209,0.736,0.055
0.99,0.9,0.005,160,21.111,16.0,61.049999999999955,72.00999999999999,77.00099999999998,78,0.232,0.714,0.054
0.97,0.9,0.015,120,20.094,15.0,55.0,71.0,76.00899999999979,85,0.221,0.731,0.048
0.97,0.9,0.005,80,20.154,15.0,55.049999999999955,70.0,76.00899999999979,85,0.233,0.719,0.048
0.97,0.9,0.005,160,20.106,15.0,56.0,68.0,76.00299999999993,79,0.204,0.741,0.055
0.94,0.9,0.03,50,18.721,14.0,54.0,65.00999999999999,76.00199999999995,78,0.2,0.743,0.057
0.99,0.9,0.0,120,20.451,15.0,59.049999999999955,70.0,76.00099999999998,77,0.212,0.748,0.04
0.97,0.9,0.015,50,19.622,14.0,58.0,69.00999999999999,75.00699999999983,82,0.227,0.726,0.047
0.94,0.9,0.005,80,18.662,14.0,53.0,66.0,75.00299999999993,78,0.217,0.725,0.058
0.99,0.9,0.0,160,22.013,17.0,61.0,71.0,75.00099999999998,76,0.231,0.708,0.061
0.94,0.9,0.015,120,19.305,14.0,55.0,66.0,74.00599999999986,80,0.229,0.713,0.058
0.94,0.9,0.03,80,18.957,14.0,52.0,65.0,74.00499999999988,79,0.198,0.754,0.048
0.94,0.9,0.005,50,19.011,14.0,54.0,65.0,74.00299999999993,77,0.207,0.732,0.061
0.97,0.9,0.0,120,19.452,14.0,54.049999999999955,66.0,74.00199999999995,76,0.22,0.736,0.044
0.97,0.9,0.015,80,19.969,15.0,55.0,67.0,74.00199999999995,76,0.222,0.721,0.057
0.94,0.9,0.015,160,18.073,13.0,52.0,62.0,74.00099999999998,75,0.217,0.738,0.045
0.94,0.9,0.005,120,18.292,13.0,52.049999999999955,64.00999999999999,74.00099999999998,75,0.219,0.727,0.054
0.9,0.9,0.0,50,18.795,14.0,53.0,61.0,73.00299999999993,76,0.224,0.712,0.064
0.9,0.9,0.0,160,18.094,14.0,51.049999999999955,61.00999999999999,72.00199999999995,74,0.197,0.742,0.061
0.97,0.9,0.03,160,21.063,16.0,57.0,68.00999999999999,72.00199999999995,74,0.211,0.738,0.051
0.9,0.9,0.03,80,18.614,14.0,51.0,62.0,72.00099999999998,73,0.214,0.73,0.056
0.97,0.9,0.005,120,19.161,14.0,56.049999999999955,67.00999999999999,72.00099999999998,73,0.223,0.729,0.048
0.97,0.9,0.0,50,19.458,14.0,55.0,67.00999999999999,72.00099999999998,73,0.232,0.723,0.045
0.94,0.9,0.015,80,19.704,15.0,55.0,65.0,72.0,72,0.201,0.729,0.07
0.9,0.9,0.005,80,18.042,14.0,52.0,61.00999999999999,71.00199999999995,73,0.197,0.754,0.049
0.94,0.9,0.005,160,18.703,13.0,52.0,62.00999999999999,71.0,71,0.209,0.745,0.046
0.9,0.9,0.005,120,19.059,14.0,53.0,61.0,70.00699999999983,77,0.207,0.734,0.059
0.9,0.9,0.03,160,17.102,12.0,50.0,62.0,70.0039999999999,74,0.178,0.776,0.046
0.94,0.9,0.03,120,19.049,14.0,54.049999999999955,63.0,70.00099999999998,71,0.203,0.74,0.057
0.9,0.9,0.015,50,18.538,14.0,53.0,63.0,70.0,70,0.215,0.73,0.055
0.94,0.9,0.0,160,19.397,14.0,57.0,64.00999999999999,69.00699999999983,76,0.233,0.704,0.063
0.9,0.9,0.005,50,17.745,13.0,50.0,61.0,69.00199999999995,71,0.194,0.753,0.053
0.9,0.9,0.03,120,17.886,13.0,50.0,63.00999999999999,69.00099999999998,70,0.2,0.756,0.044
0.9,0.9,0.0,120,18.959,14.0,52.049999999999955,63.0,69.00099999999998,70,0.219,0.727,0.054
0.9,0.9,0.015,160,16.562,13.0,48.0,60.01999999999998,68.00099999999998,69,0.192,0.767,0.041
0.9,0.9,0.005,160,18.523,14.0,52.0,61.0,68.0,68,0.188,0.748,0.064
0.9,0.9,0.03,50,17.574,13.0,52.0,61.00999999999999,67.00699999999983,74,0.196,0.751,0.053
0.94,0.9,0.0,120,17.552,13.0,52.0,60.0,67.0039999999999,71,0.228,0.73,0.042
0.9,0.9,0.015,80,18.217,13.0,52.0,61.0,67.00299999999993,70,0.203,0.735,0.062
0.9,0.9,0.015,120,18.202,14.0,49.0,59.0,66.00099999999998,67,0.211,0.744,0.045
0.9,0.9,0.0,80,17.954,13.0,49.049999999999955,59.0,63.006999999999834,70,0.195,0.753,0.052
0.9,0.85,0.005,80,13.783,11.0,39.0,45.00999999999999,59.000999999999976,60,0.169,0.767,0.064
0.99,0.85,0.0,80,15.385,12.0,40.0,47.0,58.00199999999995,60,0.164,0.769,0.067
0.99,0.85,0.03,80,14.483,11.0,39.0,48.00999999999999,58.00199999999995,60,0.185,0.756,0.059
0.99,0.85,0.0,120,15.737,12.0,42.0,48.00999999999999,57.003999999999905,61,0.169,0.763,0.068
0.9,0.85,0.005,160,13.529,10.0,38.0,46.0,57.00299999999993,60,0.145,0.798,0.057
0.99,0.85,0.005,120,14.623,11.0,40.049999999999955,49.0,57.00199999999995,59,0.169,0.787,0.044
0.97,0.85,0.015,80,14.801,11.0,41.0,51.0,57.000999999999976,58,0.174,0.75,0.076
0.94,0.85,0.0,160,13.985,10.0,39.0,50.00999999999999,57.0,57,0.144,0.796,0.06
0.97,0.85,0.03,160,14.589,11.0,40.0,48.0,57.0,57,0.194,0.74,0.066
0.9,0.85,0.0,50,14.294,11.0,38.0,47.0,56.00299999999993,59,0.172,0.768,0.06
0.97,0.85,0.005,50,14.562,11.0,39.049999999999955,48.00999999999999,55.006999999999834,62,0.153,0.783,0.064
0.97,0.85,0.03,50,14.774,11.0,40.0,49.0,55.00599999999986,61,0.176,0.754,0.07
0.9,0.85,0.03,80,13.14,10.0,37.0,45.00999999999999,55.00299999999993,58,0.136,0.811,0.053
0.99,0.85,0.03,120,14.58,11.0,40.049999999999955,47.0,55.00199999999995,57,0.178,0.765,0.057
0.97,0.85,0.005,120,14.406,11.0,38.0,47.0,55.000999999999976,56,0.169,0.773,0.058
0.94,0.85,0.015,120,13.872,10.0,39.0,47.0,55.000999999999976,56,0.176,0.759,0.065
0.99,0.85,0.015,80,14.665,11.0,40.0,49.0,55.000999999999976,56,0.189,0.751,0.06
0.97,0.85,0.03,120,14.63,11.0,40.0,47.0,54.00599999999986,60,0.169,0.769,0.062
0.97,0.85,0.015,50,14.425,11.0,40.0,49.0,54.00499999999988,59,0.17,0.76,0.07
0.97,0.85,0.005,160,14.488,11.0,40.0,48.0,54.003999999999905,58,0.173,0.766,0.061
0.9,0.85,0.03,50,13.811,10.0,38.0,44.0,54.00199999999995,56,0.148,0.779,0.073
0.99,0.85,0.03,160,14.575,11.0,39.0,48.0,54.00199999999995,56,0.166,0.778,0.056
0.99,0.85,0.0,160,14.666,12.0,40.0,47.02999999999997,54.00199999999995,56,0.169,0.772,0.059
0.99,0.85,0.0,50,13.869,11.0,40.0,47.0,54.00199999999995,56,0.183,0.768,0.049
0.9,0.85,0.015,80,13.905,11.0,37.0,46.00999999999999,54.000999999999976,55,0.154,0.787,0.059
0.97,0.85,0.0,50,14.83,10.5,42.0,49.0,54.000999999999976,55,0.167,0.767,0.066
0.99,0.85,0.005,160,14.801,11.0,40.0,47.0,54.0,54,0.161,0.776,0.063
0.94,0.85,0.005,50,14.1,11.0,39.0,47.00999999999999,54.0,54,0.162,0.771,0.067
0.97,0.85,0.0,160,14.24,11.0,40.0,47.00999999999999,54.0,54,0.164,0.776,0.06
0.99,0.85,0.015,120,15.077,11.0,40.0,49.0,53.006999999999834,60,0.155,0.782,0.063
0.94,0.85,0.015,160,14.524,11.0,39.0,49.0,53.00499999999988,58,0.173,0.759,0.068
0.99,0.85,0.03,50,14.764,11.0,40.049999999999955,46.00999999999999,53.00299999999993,56,0.164,0.781,0.055
0.97,0.85,0.005,80,14.544,10.0,40.049999999999955,48.00999999999999,53.00299999999993,56,0.175,0.766,0.059
0.99,0.85,0.005,80,15.055,12.0,41.0,47.00999999999999,53.00299999999993,56,0.175,0.769,0.056
0.94,0.85,0.03,160,14.602,11.0,39.0,47.00999999999999,53.00199999999995,55,0.158,0.775,0.067
0.94,0.85,0.005,160,14.248,11.0,40.0,46.00999999999999,53.00199999999995,55,0.163,0.775,0.062
0.9,0.85,0.03,120,14.049,11.0,37.0,47.0,53.00199999999995,55,0.175,0.774,0.051
0.97,0.85,0.015,160,14.79,11.0,40.0,49.0,53.00199999999995,55,0.175,0.762,0.063
0.97,0.85,0.03,80,14.883,11.0,41.0,47.0,53.00199999999995,55,0.177,0.748,0.075
0.94,0.85,0.03,120,14.483,11.0,40.0,48.0,53.00199999999995,55,0.178,0.756,0.066
0.9,0.85,0.0,160,14.552,11.0,40.0,47.00999999999999,53.00199999999995,55,0.18,0.746,0.074
0.97,0.85,0.0,120,14.664,11.0,40.049999999999955,48.0,53.000999999999976,54,0.159,0.774,0.067
0.9,0.85,0.03,160,14.187,11.0,40.0,45.00999999999999,53.000999999999976,54,0.161,0.771,0.068
0.94,0.85,0.03,80,13.489,10.0,38.0,44.0,53.0,53,0.16,0.795,0.045
0.94,0.85,0.015,80,14.106,11.0,39.0,47.00999999999999,52.00599999999986,58,0.184,0.764,0.052
0.99,0.85,0.015,160,15.189,12.0,40.0,48.0,52.003999999999905,56,0.177,0.758,0.065
0.9,0.85,0.0,80,13.864,10.0,38.0,47.0,52.003999999999905,56,0.182,0.758,0.06
0.94,0.85,0.0,50,13.694,10.0,38.0,45.00999999999999,52.00299999999993,55,0.166,0.786,0.048
0.9,0.85,0.005,50,13.206,10.0,37.0,44.00999999999999,52.00199999999995,54,0.166,0.777,0.057
0.9,0.85,0.015,50,13.481,10.0,39.0,46.0,52.00199999999995,54,0.174,0.767,0.059
0.94,0.85,0.005,120,13.532,10.0,38.0,49.0,52.000999999999976,53,0.161,0.786,0.053
0.94,0.85,0.015,50,14.309,11.0,39.0,46.0,52.0,52,0.204,0.729,0.067
0.94,0.85,0.005,80,14.449,11.0,38.0,46.00999999999999,51.00799999999981,59,0.175,0.758,0.067
0.97,0.85,0.0,80,14.763,12.0,39.0,47.0,51.00799999999981,59,0.177,0.762,0.061
0.9,0.85,0.0,120,13.062,10.0,38.049999999999955,45.0,51.003999999999905,55,0.151,0.79,0.059
0.9,0.85,0.015,120,13.819,10.0,38.0,46.0,51.003999999999905,55,0.161,0.771,0.068
0.94,0.85,0.0,120,14.426,11.0,39.0,46.0,51.00299999999993,54,0.164,0.77,0.066
0.9,0.85,0.005,120,13.271,10.0,37.0,45.0,51.000999999999976,52,0.137,0.806,0.057
0.99,0.85,0.015,50,14.613,11.0,41.0,48.0,51.000999999999976,52,0.169,0.761,0.07
0.94,0.85,0.03,50,14.209,10.0,39.0,47.0,51.000999999999976,52,0.172,0.767,0.061
0.99,0.85,0.005,50,14.239,11.0,39.0,48.0,51.000999999999976,52,0.175,0.774,0.051
0.9,0.85,0.015,160,13.484,10.0,37.0,44.0,51.0,51,0.164,0.785,0.051
0.97,0.85,0.015,120,13.768,10.0,38.0,46.01999999999998,50.00299999999993,53,0.167,0.772,0.061
0.94,0.85,0.0,80,14.63,11.0,39.0,47.0,50.000999999999976,51,0.193,0.747,0.06
